timestamp,x,y,area_id,rsrp,rsrq,sinr,cqi,serving_bs,distance
0,32.4794223290095,98.3750007076388,2,-50.4556310564466,-4.8317180342696,20.9711410064665,14,1,56.5628971622677
0.5,31.7712689825533,97.1061193503415,2,-55.4229931130012,-4.81711862130648,16.0037789499119,12,1,55.7092731486872
1,31.0631156360971,95.8372379930441,2,-67.1519269933351,-4.8190421631217,4.27484506957798,5,1,54.8808525466104
1.5,30.354962289641,94.5683566357468,2,-56.670540567461,-4.81951239711883,14.756231495452,11,1,54.0787936242344
2,29.6468089431848,93.2994752784494,2,-55.8699238710097,-4.82318198907396,15.5568481919034,11,1,53.3042863715881
2.5,28.9386555967286,92.030593921152,2,-62.192224452711,-4.82834560266742,9.23454761020207,8,1,52.5585488140416
3,28.2305022502724,90.7617125638547,2,-58.2221264654006,-4.83744575124689,13.2046455975125,10,1,51.8428224869528
3.5,27.5223489038163,89.4928312065573,2,-65.6009333486976,-4.80513156291978,5.82583871421542,6,1,51.158367013729
4,26.8141955573601,88.22394984926,2,-61.6897477194821,-4.81031566180748,9.73702434343096,8,1,50.5064537433691
4.5,26.1060422109039,86.9550684919626,2,-57.6674898590507,-4.81090911112636,13.7592822038623,10,1,49.8883584223088
5,25.3978888644477,85.6861871346652,2,-60.5014347634361,-4.82056058992414,10.9253372994769,9,1,49.3053528994207
5.5,24.6897355179916,84.4173057773679,2,-61.5010168618244,-4.8367341546341,9.92575520108868,8,1,48.7586958923437
5.99999999999999,23.9815821715354,83.1484244200705,2,-66.128398273496,-4.83222700183526,5.29837378941704,6,1,48.2496228775904
6.49999999999999,23.2734288250792,81.8795430627732,2,-61.9830355992427,-4.82182116020268,9.44373646367032,8,1,47.7793352052884
6.99999999999999,22.565275478623,80.6106617054758,2,-62.4284834887061,-4.834091916057,8.99828857420689,8,1,47.3489885806542
7.49999999999999,21.8571221321669,79.3417803481784,2,-68.8537828991733,-4.8352956434381,2.57298916373978,5,1,46.9596810964951
7.99999999999999,21.1489687857107,78.0728989908811,2,-59.5798372707713,-4.80431440931891,11.8469347921418,9,1,46.6124410418518
8.49999999999999,20.4408154392545,76.8040176335837,2,-70.3670220648077,-4.8042240248466,1.0597499981053,4,1,46.3082147485485
8.99999999999998,19.7326620927983,75.5351362762864,2,-65.2931849589504,-4.80091963659702,6.13358710396264,7,1,46.0478547669405
9.49999999999998,19.0245087463422,74.266254918989,2,-66.3615048914592,-4.8001630539032,5.06526717145382,6,1,45.8321086815651
9.99999999999998,18.316355399886,72.9973735616916,2,-63.0593167229644,-4.80017009788916,8.36745533994866,8,1,45.661608884076
10.5,19.2604597321727,71.9503677488948,2,-59.7690189278981,-4.80001461348779,11.6577531350149,9,1,44.4858177421647
11,20.2045640644594,70.9033619360979,2,-68.1762405234908,-4.80005944753469,3.25053153942223,5,1,43.3239950006969
11.5,21.1486683967462,69.856356123301,2,-69.3746492500629,-4.80019391757166,2.05212281285019,4,1,42.1772950030733
12,22.0927727290329,68.8093503105042,2,-61.2212570432965,-4.8000440787799,10.2055150196165,8,1,41.0469851883993
12.5,23.0368770613196,67.7623444977073,2,-63.6932111892705,-4.80010826896421,7.7335608736425,7,1,39.934457310218
13,23.9809813936063,66.7153386849104,2,-68.1613148140304,-4.80029763271636,3.26545724888267,5,1,38.8412393802145
13.5,24.9250857258931,65.6683328721136,2,-67.1000789078457,-4.80030594760504,4.32669315506734,6,1,37.7690082057388
14,25.8691900581798,64.6213270593167,2,-71.2309659526014,-4.8001388573433,0.195806110311636,3,1,36.7196023048147
14.5,26.8132943904665,63.5743212465198,2,-70.8750871716093,-4.80040043680146,0.551684891303721,4,1,35.6950348693889
15,27.7573987227532,62.5273154337229,2,-53.7291460100176,-4.80001820235157,17.6976260528955,13,1,34.697506301672
15.5,28.70150305504,61.480309620926,2,-67.6218379319519,-4.80064280893335,3.8049341309611,5,1,33.729415665066
16,29.6456073873267,60.4333038081291,2,-68.6929806124265,-4.80043998797066,2.73379145048652,5,1,32.7933701681235
16.5,30.5897117196134,59.3862979953322,2,-58.8049551648075,-4.80041695068284,12.6218168981056,10,1,31.8921915393861
17,31.5338160519001,58.3392921825353,2,-59.982163761699,-4.80039701296231,11.4446083012141,9,1,31.0289178623869
17.5,32.4779203841869,57.2922863697384,2,-54.7940553891562,-4.80005503823039,16.6327166737569,12,1,30.2067991445828
18,33.4220247164736,56.2452805569415,2,-50.1743462301116,-4.80007317850742,21.026772062913,14,1,29.4292846283447
18.5,34.3661290487603,55.1982747441446,2,-63.1393123417875,-4.80046122821708,8.28745972112553,8,1,28.6999996730945
19,35.3102333810471,54.1512689313477,2,-68.0794951707054,-4.80133432575766,3.3472768922076,5,1,28.0227100234734
19.5,36.2543377133338,53.1042631185508,2,-62.8988443552507,-4.80036955029056,8.52792770766238,8,1,27.4012715253922
20,37.1984420456206,52.0572573057539,2,-59.0871327055823,-4.80099024744357,12.3396393573307,10,1,26.8395639622072
20.5,36.1673304339176,52.7718052445666,2,-60.206668734537,-4.80013067050866,11.220103328376,9,1,27.4094080862435
21,35.1362188222146,53.4863531833793,2,-60.9859068650202,-4.80082710102114,10.4408651978929,9,1,28.0238585747992
21.5,34.1051072105117,54.200901122192,2,-63.9940415746142,-4.80134716592108,7.43273048829887,7,1,28.680048588309
22,33.0739955988087,54.9154490610048,2,-67.140566469773,-4.80088775869626,4.28620559314007,5,1,29.3751810966414
22.5,32.0428839871057,55.6299969998175,2,-56.1185275826758,-4.80008828636396,15.3082444802372,11,1,30.1065587824065
23.0000000000001,31.0117723754028,56.3445449386302,2,-63.4110558102733,-4.80029477564287,8.01571625263979,7,1,30.8716057049486
23.5000000000001,29.9806607636998,57.0590928774429,2,-66.7619978022925,-4.80075794051814,4.6647742606205,6,1,31.6678817686064
24.0000000000001,28.9495491519969,57.7736408162557,2,-57.2016440466903,-4.80010351504378,14.2251280162228,11,1,32.4930911494175
24.5000000000001,27.9184375402939,58.4881887550684,2,-69.5292993702974,-4.8004838659837,1.89747269261564,4,1,33.3450858299026
25.0000000000001,26.887325928591,59.2027366938811,2,-66.4520581974776,-4.80015771451093,4.97471386543543,6,1,34.2218653113487
25.5000000000001,25.856214316888,59.9172846326939,2,-59.819415865298,-4.80006436483311,11.6073561976151,9,1,35.1215734499169
26.0000000000001,24.8251027051851,60.6318325715066,2,-77.3521766288825,-4.80033016347535,-5.92540456596947,1,1,36.0424932216548
26.5000000000001,23.7939910934821,61.3463805103193,2,-61.9379700348716,-4.80009525052139,9.48880202804147,8,1,36.9830400791153
27.0000000000001,22.7628794817792,62.060928449132,2,-68.5881979647223,-4.80030815269588,2.83857409819072,5,1,37.9417544293773
27.5000000000001,21.7317678700762,62.7754763879448,2,-73.9688061923815,-4.80025746122978,-2.54203412946841,2,1,38.9172936455015
28.0000000000001,20.7006562583733,63.4900243267575,2,-64.0066479018969,-4.80030614035098,7.42012416101613,7,1,39.9084239231082
28.5000000000001,19.6695446466703,64.2045722655702,2,-66.8472477474464,-4.80021464580694,4.57952431546663,6,1,40.9140122108323
29.0000000000001,18.6384330349674,64.919120204383,2,-75.7699718880021,-4.80027457202546,-4.3431998250891,2,1,41.9330183766332
29.5000000000001,17.6073214232644,65.6336681431957,2,-66.9214820256499,-4.80027075354798,4.50529003726318,6,1,42.9644877193628
30.0000000000002,16.5762098115615,66.3482160820084,2,-66.1413214725002,-4.80021736644645,5.28545059041283,6,1,44.0075438944825
30.5000000000002,17.3578116683765,66.0300903640111,2,-67.2244544744027,-4.8000889076581,4.20231758851035,5,1,43.2981091521967
31.0000000000002,18.1394135251915,65.7119646460138,2,-60.9470132377412,-4.80004457080874,10.4797588251718,9,1,42.5935770223203
31.5000000000002,18.9210153820066,65.3938389280164,2,-70.6954819229001,-4.80023525113185,0.731290140012901,4,1,41.8941948463887
32.0000000000002,19.7026172388216,65.0757132100191,2,-69.1495258258991,-4.80029157666694,2.27724623701397,4,1,41.2002248897757
32.5000000000002,20.4842190956367,64.7575874920218,2,-54.8371433293188,-4.80001514238288,16.5896287335942,12,1,40.5119452875205
33.0000000000002,21.2658209524517,64.4394617740244,2,-64.3602554612875,-4.80023748219999,7.06651660162558,7,1,39.829651038643
33.5000000000002,22.0474228092668,64.1213360560271,2,-62.0798431091158,-4.80037127732658,9.34692895379726,8,1,39.1536550479154
34.0000000000002,22.8290246660818,63.8032103380298,2,-60.8102490990726,-4.80002718161554,10.6165229638404,9,1,38.4842892130319
34.5000000000002,23.6106265228969,63.4850846200325,2,-61.898721378448,-4.8000339160865,9.52805068446503,8,1,37.8219055538384
35.0000000000002,24.3922283797119,63.1669589020352,2,-74.2908113498609,-4.80026108545883,-2.86403928694784,2,1,37.1668773787188
35.5000000000002,25.1738302365269,62.8488331840379,2,-66.3107693215254,-4.80031845060465,5.11600274138763,6,1,36.5196004813308
36.0000000000002,25.955432093342,62.5307074660406,2,-65.5523361661789,-4.80036477420114,5.87443589673418,6,1,35.8804943585979
36.5000000000002,26.737033950157,62.2125817480433,2,-65.3380903751912,-4.8001913469424,6.08868168772181,7,1,35.2500034381387
37.0000000000003,27.5186358069721,61.894456030046,2,-57.5207889597768,-4.80003257949258,13.9059831031362,10,1,34.6285983001082
37.5000000000003,28.3002376637871,61.5763303120487,2,-64.9427164428063,-4.80046325888885,6.4840556201067,7,1,34.0167768746802
38.0000000000003,29.0818395206022,61.2582045940514,2,-60.2395862972717,-4.8000241542417,11.1871857656414,9,1,33.4150655920853
38.5000000000003,29.8634413774172,60.9400788760541,2,-63.1330866432796,-4.800625452695,8.29368541963348,8,1,32.8240204572048
39.0000000000003,30.6450432342323,60.6219531580568,2,-64.9698892412482,-4.80074857280091,6.45688282166486,7,1,32.2442280152075
39.5000000000003,31.4266450910473,60.3038274400595,2,-68.7396726590209,-4.80091069800826,2.6870994038921,5,1,31.6763061686245
40.0000000000003,32.2082469478623,59.9857017220622,2,-65.8619994906272,-4.80080629002436,5.5647725722858,6,1,31.120904799672
40.5000000000003,31.3734359506858,59.1910191832099,2,-60.3845753890984,-4.80083478941587,11.0421966738146,9,1,31.363573168715
41.0000000000003,30.5386249535092,58.3963366443576,2,-57.6351187644436,-4.80016554826692,13.7916532984694,10,1,31.6463834860408
41.5000000000003,29.7038139563327,57.6016541055053,2,-64.7156627047642,-4.80004692936505,6.71110935814889,7,1,31.9682704108136
42.0000000000003,28.8690029591561,56.806971566653,2,-53.822058779221,-4.80003683909537,17.604713283692,13,1,32.3280667199475
42.5000000000003,28.0341919619796,56.0122890278006,2,-57.9144469588635,-4.80006246300121,13.5123251040496,10,1,32.7245220303823
43.0000000000003,27.199380964803,55.2176064889483,2,-61.5059171515717,-4.80019946241987,9.92085491134138,8,1,33.1563213559904
43.5000000000003,26.3645699676265,54.422923950096,2,-69.3026083803236,-4.8000511825501,2.12416368258943,4,1,33.6221029842507
44.0000000000004,25.5297589704499,53.6282414112437,2,-64.795356778765,-4.80014426579567,6.63141528414807,7,1,34.1204752572783
44.5000000000004,24.6949479732734,52.8335588723914,2,-61.822712131712,-4.80008095668501,9.60405993120106,8,1,34.6500319474405
45.0000000000004,23.8601369760968,52.0388763335391,2,-67.1720074621306,-4.8000903681253,4.25476460078249,5,1,35.2093660211582
45.5000000000004,23.0253259789203,51.2441937946868,2,-56.4476595556182,-4.80000833278219,14.9791125072948,11,1,35.7970816791293
46.0000000000004,22.1905149817437,50.4495112558345,2,-65.6704012428174,-4.80007359135869,5.75637082009567,6,1,36.4118046428592
46.5000000000004,21.3557039845671,49.6548287169821,2,-68.6958199685893,-4.80015156014859,2.73095209432374,5,1,37.0521907238204
47.0000000000004,20.5208929873906,48.8601461781298,2,-68.5333392837486,-4.80012427437028,2.89343277916441,5,1,37.7169327623033
47.5000000000004,19.686081990214,48.0654636392775,2,-67.2341586711119,-4.80010323992587,4.19261339180116,5,1,38.4047660588498
48.0000000000004,18.8512709930375,47.2707811004252,2,-70.5881559539999,-4.80009628783025,0.838616108913185,4,1,39.1144724437258
48.5000000000004,18.0164599958609,46.4760985615729,2,-68.5922088367358,-4.80008871391533,2.83456322617719,5,1,39.8448831413033
49.0000000000004,17.1816489986844,45.6814160227206,2,-70.7188716357521,-4.8000694807362,0.707900427160936,4,1,40.5948805887438
49.5000000000004,16.3468380015078,44.8867334838683,2,-67.9023554965223,-4.80003121508861,3.5244165663907,5,1,41.3633993641934
50.0000000000004,15.5120270043313,44.0920509450159,2,-64.0410388197959,-4.80001420682038,7.38573324311711,7,1,42.1494263707854
50.5000000000004,15.4911442029213,44.0356073976676,2,-64.7298950573714,-4.80005174051221,6.69687700554166,7,1,42.1744603704461
51.0000000000005,15.4702614015113,43.9791638503193,2,-66.0081172192099,-4.80005178320561,5.41865484370314,6,1,42.1995653487244
51.5000000000005,15.4493786001014,43.922720302971,2,-75.7404835671212,-4.80004479302722,-4.31371150420819,2,1,42.224741179018
52.0000000000005,15.4284957986914,43.8662767556227,2,-67.1765574849126,-4.80005097322311,4.25021457800042,5,1,42.2499877346694
52.5000000000005,15.4076129972814,43.8098332082744,2,-62.7667649155874,-4.80000808847629,8.66000714732564,8,1,42.2753048889684
53.0000000000005,15.3867301958714,43.7533896609261,2,-71.5243406667297,-4.80003168172474,-0.0975686038166269,3,1,42.3006925151542
53.5000000000005,15.3658473944615,43.6969461135778,2,-70.0395619585237,-4.80001992799133,1.38721010438932,4,1,42.3261504864177
54.0000000000005,15.3449645930515,43.6405025662295,2,-69.667515261323,-4.8000294679966,1.75925680159007,4,1,42.3516786759036
54.5000000000005,15.3240817916415,43.5840590188812,2,-57.7987944899533,-4.80000258465386,13.6279775729597,10,1,42.3772769567131
55.0000000000005,15.3031989902316,43.5276154715329,2,-66.9678321876577,-4.80005343388501,4.45893987525537,6,1,42.4029452019056
55.5000000000005,15.2823161888216,43.4711719241846,2,-72.8008000523472,-4.80004997027813,-1.37402798943411,3,1,42.4286832845012
56.0000000000005,15.2614333874116,43.4147283768363,2,-61.8611644045748,-4.80000234318247,9.56560765833825,8,1,42.454491077483
56.5000000000005,15.2405505860016,43.358284829488,2,-68.8453244376644,-4.80005133460675,2.58144762524868,5,1,42.480368453799
57.0000000000005,15.2196677845917,43.3018412821397,2,-62.7982151614846,-4.80001124724613,8.62855690142848,8,1,42.5063152863644
57.5000000000005,15.1987849831817,43.2453977347914,2,-69.5880098719587,-4.8000107867166,1.83876219095438,4,1,42.5323314480641
58.0000000000006,15.1779021817717,43.1889541874431,2,-66.5530698068279,-4.80000927635354,4.87370225608509,6,1,42.5584168117543
58.5000000000006,15.1570193803617,43.1325106400948,2,-71.3112518183873,-4.80003506674968,0.115520244525752,3,1,42.584571250265
59.0000000000006,15.1361365789518,43.0760670927465,2,-70.9465817352612,-4.80004347381583,0.480190327651881,4,1,42.6107946364023
59.5000000000006,15.1152537775418,43.0196235453982,2,-54.3167996000582,-4.8000063703007,17.1099724628549,12,1,42.6370868429501
60.0000000000006,15.0943709761318,42.9631799980499,2,-65.9103799330689,-4.20002616992314,5.51639212984415,6,1,42.6634477426726
60.5000000000006,15.3813188268654,42.9286880449915,2,-62.0564399690847,-4.20004690685113,9.37033209382835,8,1,42.4347326954252
61.0000000000006,15.6682666775989,42.8941960919332,2,-70.5574522770335,-4.20005113972619,0.86931978587954,4,1,42.2067573037821
61.5000000000006,15.9552145283325,42.8597041388748,2,-68.0052926316805,-4.20005246274851,3.42147943123258,5,1,41.9795336181366
62.0000000000006,16.2421623790661,42.8252121858164,2,-64.468018989102,-4.20004715910697,6.95875307381099,7,1,41.7530739110296
62.5000000000006,16.5291102297996,42.7907202327581,2,-61.2691676270084,-4.20005174684553,10.1576044359047,8,1,41.5273906809863
63.0000000000006,16.8160580805332,42.7562282796997,2,-69.8773166807352,-4.20005465604925,1.54945538217787,4,1,41.3024966563811
63.5000000000006,17.1030059312667,42.7217363266413,2,-68.3324685972367,-4.20003428313033,3.09430346567638,5,1,41.078404799325
64.0000000000006,17.3899537820003,42.6872443735829,2,-64.4549280988526,-4.20005253358282,6.97184396406041,7,1,40.8551283095742
64.5000000000006,17.6769016327338,42.6527524205246,2,-74.4689548091416,-4.20003353391316,-3.04218274622852,2,1,40.6326806284556
65.0000000000006,17.9638494834674,42.6182604674662,2,-69.8096024930704,-4.20005254875521,1.61716956984267,4,1,40.4110754428053
65.5000000000006,18.2507973342009,42.5837685144078,2,-61.98014142636,-4.20005416128764,9.44663063655307,8,1,40.190326688917
66.0000000000005,18.5377451849345,42.5492765613495,2,-70.5280081232798,-4.20003559133107,0.898763939633212,4,1,39.9704485564945
66.5000000000005,18.824693035668,42.5147846082911,2,-65.9463291435324,-4.20005130881772,5.48044291938061,6,1,39.7514554926056
67.0000000000005,19.1116408864016,42.4802926552327,2,-62.7898531898607,-4.20005377174473,8.63691887305237,8,1,39.5333622056304
67.5000000000004,19.3985887371351,42.4458007021743,2,-59.8054651876657,-4.20000280424864,11.6213068752473,9,1,39.3161836691999
68.0000000000004,19.6855365878687,42.411308749116,2,-62.8564860730544,-4.20000895693214,8.57028598985863,8,1,39.0999351261187
68.5000000000004,19.9724844386023,42.3768167960576,2,-64.1149048582147,-4.20005834528239,7.31186720469836,7,1,38.8846320922656
69.0000000000004,20.2594322893358,42.3423248429992,2,-69.5563531947908,-4.200041577834,1.87041886812226,4,1,38.670290360466
69.5000000000003,20.5463801400694,42.3078328899409,2,-64.5264842584431,-4.20006340407059,6.90028780446992,7,1,38.4569260043282
70.0000000000003,20.8333279908029,42.2733409368825,2,-55.2653286879219,-4.20000857184386,16.1614433749912,12,1,38.2445553820375
70.5000000000003,21.8108192569489,42.4232571832871,2,-67.0569997465012,-4.20003735826789,4.36977231641188,6,1,37.4738167615072
71.0000000000002,22.7883105230948,42.5731734296917,2,-59.7514682134523,-4.20001980813178,11.6753038494608,9,1,36.713536973342
71.5000000000002,23.7658017892407,42.7230896760964,2,-65.9882124437484,-4.2000605333054,5.43855961916462,6,1,35.964379316534
72.0000000000002,24.7432930553866,42.873005922501,2,-69.3982353102361,-4.20007618672635,2.02853675267693,4,1,35.227053386095
72.5000000000002,25.7207843215326,43.0229221689056,2,-65.6931924248129,-4.20007131495803,5.73357963810017,6,1,34.5023177340695
73.0000000000001,26.6982755876785,43.1728384153102,2,-62.8257534226434,-4.20002222413608,8.60101864026964,8,1,33.7909824641315
73.5000000000001,27.6757668538244,43.3227546617148,6,-55.9616204984715,-5.00000555713861,12.0244526499463,9,1,33.0939116888961
74.0000000000001,28.6532581199704,43.4726709081195,6,-67.6022705888216,-5.00005477082168,0.383802559596124,4,1,32.4120257615337
74.5,29.6307493861163,43.6225871545241,6,-59.5799038942981,-5.00000922907637,8.40616925411962,8,1,31.7463031733278
75,30.6082406522622,43.7725034009287,6,-57.6906644128797,-5.00000590032337,10.2954087355381,8,1,31.0977819866951
75.5,31.5857319184081,43.9224196473333,6,-64.1401036717081,-5.00009114788814,3.84596947670969,5,1,30.4675606493833
76,32.5632231845541,44.072335893738,6,-69.4048991422115,-5.00011490411571,-1.41882599379373,3,1,29.856798010978
76.4999999999999,33.5407144507,44.2222521401426,6,-57.2266881358254,-5.0000450785536,10.7593850125924,9,1,29.2667123388584
76.9999999999999,34.5182057168459,44.3721683865472,6,-61.4297741515514,-5.00011285640464,6.55629899686631,7,1,28.6985791093441
77.4999999999999,35.4956969829918,44.5220846329518,6,-57.6263412349296,-5.00012927549703,10.3597319134882,9,1,28.153727333654
77.9999999999998,36.4731882491377,44.6720008793564,6,-61.9254917692619,-5.00016584257699,6.0605813791559,7,1,27.6335341708737
78.4999999999998,37.4506795152836,44.8219171257611,6,-68.5331637213008,-5.00007579525001,-0.547090572883076,3,1,27.1394175855085
78.9999999999998,38.4281707814295,44.9718333721657,6,-62.6970467890788,-5.00007703589262,5.28902635933892,6,1,26.6728268299599
79.4999999999998,39.4056620475754,45.1217496185703,6,-60.3577959256305,-5.00030178794408,7.62827722278726,7,1,26.2352305771095
79.9999999999997,40.3831533137214,45.2716658649749,6,-58.1311010670542,-5.00039386337254,9.85497208136357,8,1,25.8281025992974
80.4999999999997,39.8751260949356,46.3017252931704,6,-60.8953140810384,-5.00010172313133,7.0907590673794,7,1,25.8542125658591
80.9999999999997,39.3670988761499,47.3317847213659,6,-63.9026151274458,-5.00032556302523,4.08345802097192,5,1,25.9312159198659
81.4999999999996,38.8590716573642,48.3618441495614,6,-62.9019875164774,-5.00052980033268,5.08408563194033,6,1,26.0586614952893
81.9999999999996,38.3510444385785,49.3919035777569,2,-51.2794813703975,-4.20016049194491,20.1472906925156,14,1,26.2358142036934
82.4999999999996,37.8430172197927,50.4219630059524,2,-63.900726721655,-4.20137342617924,7.52604534125801,7,1,26.4616757424137
82.9999999999996,37.334990001007,51.4520224341479,2,-53.8598421887711,-4.2008182968315,17.566929874142,12,1,26.7350116406158
83.4999999999995,36.8269627822213,52.4820818623434,2,-66.9238206774841,-4.20169273440254,4.5029513854289,6,1,27.0543830074233
83.9999999999995,36.3189355634356,53.5121412905389,2,-58.3941834765259,-4.20084481525514,13.0325885863871,10,1,27.4181812044879
84.4999999999995,35.8109083446499,54.5422007187344,2,-64.0416238099762,-4.20070251833574,7.3851482529368,7,1,27.8246636884114
84.9999999999994,35.3028811258641,55.5722601469299,2,-67.868893078138,-4.20148765571813,3.55787898477503,5,1,28.2719894302743
85.4999999999994,34.7948539070784,56.6023195751254,2,-57.5605897339004,-4.20030459783579,13.8661823290126,10,1,28.7582525804189
85.9999999999994,34.2868266882927,57.6323790033209,2,-64.8361474441493,-4.20129027261628,6.59062461876377,7,1,29.2815133620871
86.4999999999994,33.778799469507,58.6624384315164,2,-59.1562012387088,-4.20124544318089,12.2705708242042,9,1,29.8398255060293
86.9999999999993,33.2707722507213,59.6924978597119,2,-60.6039626663433,-4.20036642255199,10.8228093965698,9,1,30.431259846542
87.4999999999993,32.7627450319355,60.7225572879074,2,-64.8801233824053,-4.20088776075356,6.54664868050778,7,1,31.0539239650405
87.9999999999993,32.2547178131498,61.7526167161029,2,-68.2893885031167,-4.20078069991494,3.13738355979638,5,1,31.7059779783965
88.4999999999992,31.7466905943641,62.7826761442984,2,-59.1907757323949,-4.20024266129903,12.2359963305182,9,1,32.3856467230144
88.9999999999992,31.2386633755784,63.8127355724939,2,-55.1934220243555,-4.20010195972681,16.2333500385576,12,1,33.0912286857183
89.4999999999992,30.7306361567927,64.8427950006894,2,-65.4350190196876,-4.20072304418707,5.99175304322544,7,1,33.8211020866322
89.9999999999992,30.2226089380069,65.8728544288849,2,-65.202695619117,-4.20029105973243,6.22407644379608,7,1,34.5737285368468
90.4999999999991,31.0154536659182,64.7766482632328,2,-67.3885754547009,-4.20025263341578,4.03819660821212,5,1,33.6305268083359
90.9999999999991,31.8082983938295,63.6804420975807,2,-51.6826096653495,-4.20011837155732,19.7441623975636,14,1,32.7160893646109
91.4999999999991,32.6011431217407,62.5842359319286,2,-65.6412283007481,-4.20087801264949,5.78554376216495,6,1,31.8328951661735
91.999999999999,33.393987849652,61.4880297662765,2,-65.5858568920974,-4.20095225987795,5.84091517081561,6,1,30.9836161131712
92.499999999999,34.1868325775633,60.3918236006244,2,-52.6170762661281,-4.20001386713554,18.809695796785,13,1,30.1711163478667
92.999999999999,34.9796773054745,59.2956174349722,2,-57.291732783447,-4.20030742862525,14.1350392794661,11,1,29.398445491982
93.499999999999,35.7725220333858,58.1994112693201,2,-57.7174132364958,-4.2002580101014,13.7093588264173,10,1,28.66882408565
93.9999999999989,36.5653667612971,57.103205103668,2,-59.2482119925758,-4.20122313197369,12.1785600703372,9,1,27.985619396455
94.4999999999989,37.3582114892083,56.0069989380158,2,-61.9433412314464,-4.20250617938169,9.48343083146669,8,1,27.3523098292065
94.9999999999989,38.1510562171196,54.9107927723637,2,-65.557266497042,-4.20269832197221,5.86950556587104,6,1,26.7724364678107
95.4999999999988,38.9439009450309,53.8145866067116,2,-54.7334759644631,-4.20015998188166,16.69329609845,12,1,26.2495408968118
95.9999999999988,39.7367456729421,52.7183804410595,2,-60.3999956355832,-4.20344408731046,11.0267764273299,9,1,25.7870894364643
96.4999999999988,40.5295904008534,51.6221742754073,2,-53.4754748957509,-4.20197715973742,17.9512971671621,13,1,25.3883852845233
96.9999999999988,41.3224351287647,50.5259681097552,6,-57.4913128056924,-5.00321347407146,10.4947603427254,9,1,25.0564717098592
97.4999999999987,42.1152798566759,49.4297619441031,6,-58.6380323475381,-5.00089552034727,9.34804080087963,8,1,24.7940312006526
97.9999999999987,42.9081245845872,48.333555778451,6,-55.7315080585979,-5.00026274536538,12.2545650898198,9,1,24.6032870415981
98.4999999999987,43.7009693124985,47.2373496127988,6,-49.1498557097524,-5.00013737577619,18.8362174386653,13,1,24.4859148239144
98.9999999999986,44.4938140404097,46.1411434471467,6,-60.282807227178,-5.00064514474477,7.70326592123979,7,1,24.4429715402422
99.4999999999986,45.286658768321,45.0449372814946,6,-60.369350305068,-5.0001691490315,7.61672284334977,7,1,24.4748489701278
99.9999999999986,46.0795034962323,43.9487311158424,6,-63.2374890139695,-5.00181869970552,4.74858413444827,6,1,24.5812560286172
100.499999999999,46.0871276602885,43.9493092411959,6,-58.6539489800399,-5.00011945276615,9.33212416837782,8,1,24.5798988729725
100.999999999999,46.0947518243447,43.9498873665494,6,-63.3522759142642,-5.00157637319921,4.63379723415351,6,1,24.5785440209728
101.499999999999,46.1023759884009,43.9504654919028,6,-57.5076758675221,-5.00111169436641,10.4783972808957,9,1,24.577191472999
101.999999999998,46.1100001524571,43.9510436172563,6,-65.4574621464146,-5.00181251094204,2.52861100200319,5,1,24.5758412294314
102.499999999998,46.1176243165133,43.9516217426097,6,-59.3972811771928,-5.00154901469437,8.58879197122491,8,1,24.57449329065
102.999999999998,46.1252484805695,43.9521998679632,6,-56.0927357215392,-5.00006891760904,11.8933374268786,9,1,24.573147657034
103.499999999998,46.1328726446257,43.9527779933166,6,-56.8210960495879,-5.00014916507983,11.1649770988299,9,1,24.5718043289621
103.999999999998,46.1404968086819,43.9533561186701,6,-56.027854213992,-5.0010059823946,11.9582189344258,9,1,24.5704633068125
104.499999999998,46.1481209727382,43.9539342440236,6,-53.4693506466799,-5.00206412956112,14.5167225017378,11,1,24.5691245909628
104.999999999998,46.1557451367944,43.954512369377,6,-53.6080011953446,-5.00034907248538,14.3780719530732,11,1,24.5677881817899
105.499999999998,46.1633693008506,43.9550904947305,6,-61.6506971079135,-5.0008500091121,6.33537604050426,7,1,24.5664540796704
105.999999999998,46.1709934649068,43.9556686200839,6,-64.0335874790062,-5.00145202664785,3.95248566941156,5,1,24.5651222849801
106.499999999998,46.178617628963,43.9562467454374,6,-62.9265074676966,-5.00093732181623,5.05956568072115,6,1,24.5637927980943
106.999999999998,46.1862417930192,43.9568248707908,6,-61.3160021092204,-5.00150993611526,6.6700710391973,7,1,24.5624656193878
107.499999999998,46.1938659570754,43.9574029961443,6,-61.8411231721363,-5.00123672776265,6.14494997628149,7,1,24.5611407492347
107.999999999998,46.2014901211316,43.9579811214978,6,-70.2070110312413,-5.00098329668252,-2.22093788282357,3,1,24.5598181880086
108.499999999998,46.2091142851878,43.9585592468512,6,-64.0865261937602,-5.00071468167587,3.8995469546575,5,1,24.5584979360826
108.999999999998,46.216738449244,43.9591373722047,6,-54.1361177771209,-5.0004313628288,13.8499553712969,10,1,24.5571799938292
109.499999999998,46.2243626133003,43.9597154975581,6,-64.7000659512137,-5.00161849341785,3.28600719720405,5,1,24.5558643616201
109.999999999998,46.2319867773565,43.9602936229116,6,-68.4633192556054,-5.00154950221519,-0.477246107187665,3,1,24.5545510398268
110.499999999998,46.3493505958119,43.3736457795651,6,-66.159368314634,-5.00047001304124,1.82670483378373,4,1,24.6877664305011
110.999999999998,46.4667144142674,42.7869979362185,6,-65.0277020696043,-5.00216918687536,2.9583710788134,5,1,24.8346835253132
111.499999999998,46.5840782327228,42.200350092872,6,-52.9008301011424,-5.00054112537022,15.0852430472753,11,1,24.9950607159479
111.999999999998,46.7014420511782,41.6137022495255,6,-61.3822590095989,-5.00256918163702,6.60381413881887,7,1,25.1686406963378
112.499999999998,46.8188058696337,41.0270544061789,6,-54.3390139335948,-5.0025340580465,13.647059214823,10,1,25.3551523112118
112.999999999998,46.9361696880891,40.4404065628324,6,-53.2898078164823,-5.00047676412422,14.6962653319354,11,1,25.5543124122744
113.499999999998,47.0535335065446,39.8537587194859,6,-57.0704985934872,-5.00019484827221,10.9155745549305,9,1,25.7658276971547
113.999999999998,47.170897325,39.2671108761394,6,-60.6605483656923,-5.00108551063094,7.32552478272541,7,1,25.9893965087837
114.499999999998,47.2882611434555,38.6804630327928,6,-64.8099278189837,-5.00196466765717,3.1761453294341,5,1,26.2247105756777
114.999999999998,47.4056249619109,38.0938151894463,6,-64.093991034808,-5.00172353603058,3.89208211360978,5,1,26.4714566766039
115.499999999998,47.5229887803664,37.5071673460998,6,-66.3630053324245,-5.00087396411061,1.62306781599324,4,1,26.7293182161563
115.999999999998,47.6403525988218,36.9205195027533,6,-55.2914873059542,-5.00054712884631,12.6945858424636,10,1,26.9979767007779
116.499999999998,47.7577164172773,36.3338716594067,6,-67.9987473605006,-5.00101132869759,-0.0126742120828825,3,1,27.2771131076387
116.999999999998,47.8750802357327,35.7472238160602,6,-66.3654759560971,-5.00066269985581,1.62059719232061,4,1,27.5664091414543
117.499999999998,47.9924440541881,35.1605759727137,6,-64.4360379912776,-5.00056867888674,3.55003515714016,5,1,27.8655483767531
117.999999999998,48.1098078726436,34.5739281293672,6,-64.0761450783022,-5.00067333762916,3.90992807011556,5,1,28.1742172852459
118.499999999998,48.227171691099,33.9872802860206,6,-60.337201188483,-5.00088438641999,7.64887195993471,7,1,28.4921061497971
118.999999999998,48.3445355095545,33.4006324426741,6,-57.1166500143245,-5.0000851386295,10.8694231340932,9,1,28.818909868042
119.499999999997,48.4618993280099,32.8139845993276,6,-63.073951226934,-5.00096698343128,4.91212192148371,6,1,29.1543286499505
119.999999999997,48.5792631464654,32.2273367559811,6,-57.8775521186019,-5.00037384903321,10.1085210298159,8,1,29.4980686146109
120.499999999997,49.0559421085577,32.0607667745923,6,-61.3080436948723,-5.15017309518688,6.67802945354544,7,1,29.5796777199814
120.999999999997,49.53262107065,31.8941967932036,6,-58.7692076068962,-5.15093440744634,9.21686554152157,8,1,29.669657106661
121.499999999997,50.0093000327424,31.7276268118148,6,-62.8950517364448,-5.15094046867215,5.09102141197291,6,1,29.7679308723149
121.999999999997,50.4859789948347,31.561056830426,6,-71.535711277896,-5.15085657927058,-3.54963812947821,2,1,29.8744171624184
122.499999999997,50.962657956927,31.3944868490373,6,-57.2766696335393,-5.15092174864862,10.7094035148785,9,1,29.9890284929786
122.999999999997,51.4393369190194,31.2279168676485,6,-64.8085794078159,-5.15072923380421,3.17749374060188,5,1,30.1116720873213
123.499999999997,51.9160158811117,31.0613468862598,6,-62.6956150435218,-5.15009056122603,5.29045810489596,6,1,30.242250224136
123.999999999997,52.3926948432041,30.894776904871,6,-61.2868399053983,-5.15080576129671,6.69923324301944,7,1,30.3806605939921
124.499999999997,52.8693738052964,30.7282069234823,6,-60.3349076870231,-5.15030978305609,7.65116546139463,7,1,30.5267966615994
124.999999999997,53.3460527673887,30.5616369420935,6,-68.3573585553849,-5.15047935983528,-0.371285406967129,3,1,30.6805480311733
125.499999999997,53.8227317294811,30.3950669607047,6,-50.4920455734537,-5.15008718858415,17.4940275749641,12,1,30.841800812385
125.999999999997,54.2994106915734,30.228496979316,6,-65.1384932776575,-5.15053070895051,2.84757987076029,5,1,31.0104379845195
126.499999999997,54.7760896536657,30.0619269979272,6,-62.1133919684136,-5.15017907539125,5.87268118000411,6,1,31.186339756628
126.999999999997,55.2527686157581,29.8953570165385,6,-56.5461775174116,-5.15001142864485,11.4398956310062,9,1,31.3693839216383
127.499999999997,55.7294475778504,29.7287870351497,6,-65.9714671994852,-5.15050887394085,2.01460594893257,4,1,31.5594462025817
127.999999999997,56.2061265399427,29.562217053761,6,-64.5107409472276,-5.15055361371931,3.47533220119015,5,1,31.7564005892885
128.499999999997,56.6828055020351,29.3956470723722,6,-60.5415564427455,-5.15052068289561,7.44451670567225,7,1,31.9601196641107
128.999999999997,57.1594844641274,29.2290770909834,6,-63.8706903071566,-5.15001062554416,4.11538284126118,5,1,32.1704749154312
129.499999999997,57.6361634262198,29.0625071095947,6,-59.8441329910778,-5.15012052578896,8.14194015733995,8,1,32.3873370379182
129.999999999997,58.1128423883121,28.8959371282059,6,-67.7627192748948,-5.15014066550626,0.223353873522914,4,1,32.6105762186784
130.499999999997,58.0852742239894,29.3687387681893,6,-64.7945598210673,-5.15044248466403,3.19151332735044,5,1,32.2996996780515
130.999999999997,58.0577060596667,29.8415404081727,6,-60.1168066895955,-5.15024593929939,7.86926645882224,7,1,31.9928135689771
131.499999999997,58.030137895344,30.3143420481561,6,-62.0853741442888,-5.15044766352296,5.90069900412894,7,1,31.6900338216171
131.999999999997,58.0025697310213,30.7871436881395,6,-59.655911424733,-5.15002213192107,8.33016172368471,8,1,31.3914792572771
132.499999999997,57.9750015666985,31.2599453281229,6,-63.7615594092037,-5.15057412472474,4.22451373921401,5,1,31.097271569927
132.999999999997,57.9474334023758,31.7327469681063,6,-61.9358602215029,-5.15024637901476,6.05021292691487,7,1,30.8075352960348
133.499999999997,57.9198652380531,32.2055486080897,6,-56.7763319925389,-5.15005103954365,11.2097411558788,9,1,30.5223977716034
133.999999999997,57.8922970737304,32.6783502480731,6,-58.4840153886093,-5.15019702573816,9.50205775980842,8,1,30.2419890752649
134.499999999997,57.8647289094077,33.1511518880565,6,-55.8791078895268,-5.15015676363974,12.106965258891,9,1,29.9664419562586
134.999999999997,57.837160745085,33.6239535280399,6,-63.277649306092,-5.15054465573861,4.70842384232575,6,1,29.6958917461001
135.499999999997,57.8095925807623,34.0967551680233,6,-58.5322490573701,-5.15011223716836,9.45382409104761,8,1,29.4304762527434
135.999999999997,57.7820244164396,34.5695568080067,6,-58.8501980818374,-5.15024100488567,9.1358750665803,8,1,29.1703356360429
136.499999999997,57.7544562521169,35.0423584479901,6,-58.1298752991111,-5.15067783528384,9.85619784930669,8,1,28.9156122633502
136.999999999997,57.7268880877942,35.5151600879735,6,-64.8997747028821,-5.15084517460017,3.08629844553568,5,1,28.6664505441174
137.499999999996,57.6993199234715,35.9879617279569,6,-63.3583540564985,-5.15022590021328,4.62771909191926,6,1,28.4229967424472
137.999999999996,57.6717517591487,36.4607633679404,6,-64.0598257946718,-5.15092705672959,3.92624735374593,5,1,28.1853987666115
138.499999999996,57.644183594826,36.9335650079238,6,-48.8024739818894,-5.15002311931052,19.0860731484178,13,1,27.9538059346766
138.999999999996,57.6166154305033,37.4063666479072,6,-64.2986239780523,-5.15106299168869,3.68744917036546,5,1,27.7283687155073
139.499999999996,57.5890472661806,37.8791682878906,6,-50.2171058902769,-5.15005959991287,17.7689672581409,13,1,27.5092384445953
139.999999999996,57.5614791018579,38.351969927874,6,-52.6334105009915,-5.15013477925112,15.3526626474262,11,1,27.2965670143516
140.499999999996,57.5357785369683,38.2802616189539,6,-54.9202161879264,-5.15001672118349,13.0658569604913,10,1,27.3201432258031
140.999999999996,57.5100779720787,38.2085533100339,6,-68.7404371357135,-5.15090536403823,-0.75436398729573,3,1,27.343911318409
141.499999999996,57.4843774071891,38.1368450011139,6,-58.4182838495912,-5.15024142729807,9.56778929882651,8,1,27.3678707922418
141.999999999996,57.4586768422995,38.0651366921938,6,-59.702473968696,-5.1510336368509,8.28359917972179,8,1,27.3920211451049
142.499999999996,57.4329762774099,37.9934283832738,6,-67.1005327398676,-5.15105031372528,0.885540408550159,4,1,27.4163618725774
142.999999999996,57.4072757125203,37.9217200743537,6,-55.8202950943537,-5.15006184148929,12.1657780540641,9,1,27.4408924680587
143.499999999996,57.3815751476307,37.8500117654337,6,-57.2310917015192,-5.15012272350535,10.7549814468985,9,1,27.4656124228137
143.999999999996,57.3558745827411,37.7783034565136,6,-50.2472050496394,-5.15007637725554,17.7388680987783,13,1,27.4905212260169
144.499999999996,57.3301740178515,37.7065951475936,6,-67.0024315756412,-5.15046013289255,0.983641572776538,4,1,27.515618364797
144.999999999996,57.3044734529619,37.6348868386735,6,-50.132935536819,-5.15013971727408,17.8531376115987,13,1,27.5409033242818
145.499999999996,57.2787728880723,37.5631785297535,6,-66.3473015664373,-5.15103519574811,1.63877158198044,4,1,27.5663755876416
145.999999999996,57.2530723231827,37.4914702208335,6,-59.0157456890179,-5.15030416904721,8.97032745939987,8,1,27.592034636134
146.499999999996,57.2273717582932,37.4197619119134,6,-52.4954558502535,-5.15010790359176,15.4906172981642,11,1,27.6178799491474
146.999999999996,57.2016711934036,37.3480536029934,6,-61.4593740180436,-5.15010710365254,6.52669913037419,7,1,27.6439110042452
147.499999999996,57.175970628514,37.2763452940733,6,-59.6355157118522,-5.15065130936292,8.35055743656558,8,1,27.670127277209
147.999999999996,57.1502700636244,37.2046369851533,6,-70.5287353135473,-5.15103387983359,-2.54266216512959,2,1,27.6965282420824
148.499999999996,57.1245694987348,37.1329286762332,6,-56.0888258783397,-5.15011310910438,11.897247270078,9,1,27.7231133712143
148.999999999996,57.0988689338452,37.0612203673132,6,-64.535387244024,-5.150176986349,3.45068590439377,5,1,27.7498821353018
149.499999999996,57.0731683689556,36.9895120583931,6,-57.6385248166953,-5.15011926660264,10.3475483317225,9,1,27.7768340034333
149.999999999996,57.047467804066,36.9178037494731,6,-63.6872202303132,-5.15070134251866,4.29885291810455,5,1,27.8039684431314
150.499999999996,56.5429692967592,35.9180333718986,6,-63.3909273726344,-5.1505170080349,4.59514577578338,6,1,28.1666865522606
150.999999999996,56.0384707894524,34.918262994324,6,-55.0637195684465,-5.15046813634106,12.9223535799712,10,1,28.5687227678006
151.499999999996,55.5339722821456,33.9184926167495,6,-63.510371491772,-5.15072913155075,4.47570165664573,6,1,29.0084423735074
151.999999999996,55.0294737748388,32.9187222391749,6,-62.702961450976,-5.15047613491257,5.28311169744174,6,1,29.4841594147476
152.499999999996,54.524975267532,31.9189518616004,6,-66.4520238353979,-5.15078906872724,1.53404931301984,4,1,29.9941611477118
152.999999999996,54.0204767602252,30.9191814840258,6,-67.8040681521072,-5.15017564667234,0.182004996310584,3,1,30.5367298285041
153.499999999996,53.5159782529184,29.9194111064513,6,-64.9254151234959,-5.1504286652419,3.06065802492187,5,1,31.1101615776374
153.999999999996,53.0114797456116,28.9196407288767,5,-60.1184011184936,-6.9505939220742,3.82726573930592,5,1,31.7127822377328
154.499999999996,52.5069812383048,27.9198703513022,5,-57.0756094918542,-6.95059749646849,6.87005736594536,7,1,32.3429602886396
154.999999999995,52.0024827309981,26.9200999737276,5,-46.5384983667268,-6.95002015395179,10.4456668577995,9,1,32.9991169928935
155.499999999995,51.4979842236913,25.9203295961531,5,-64.3292927871267,-6.95042478015921,-0.383625929327147,3,1,33.6797340175413
155.999999999995,50.9934857163845,24.9205592185785,5,-61.4454299655176,-6.9504085613024,2.50023689228194,5,1,34.3833588204743
156.499999999995,50.4889872090777,23.920788841004,5,-60.1851415534082,-6.95041854023737,3.7605253043913,5,1,35.1086081063625
156.999999999995,49.9844887017709,22.9210184634294,5,-61.999297123098,-6.95037105154526,1.94636973470153,4,1,35.8541696551224
157.499999999995,49.4799901944641,21.9212480858549,5,-60.5818617035657,-6.95036333077404,3.36380515423382,5,1,36.6188028102225
157.999999999995,48.9754916871573,20.9214777082803,5,-63.1108825762705,-6.95036717869325,0.834784281529002,4,1,37.401337889882
158.499999999995,48.4709931798505,19.9217073307058,5,-53.6350761680153,-6.9500753269794,10.3105906897842,9,1,38.200674755242
158.999999999995,47.9664946725437,18.9219369531312,5,-62.2985343405179,-6.95012331912374,1.64713251728168,4,1,39.015780738849
159.499999999995,47.4619961652369,17.9221665755567,5,-64.7837004639116,-6.95022033177233,-0.838033606112057,3,1,39.8456881063887
159.999999999995,46.9574976579301,16.9223961979821,5,-65.4231922538975,-6.95027701426456,-1.47752539609791,3,1,40.6894911959436
160.499999999995,47.7123358152111,15.7116593281814,5,-62.5560045118464,-6.95016096773858,1.3896623459531,4,1,41.6314029723844
160.999999999995,48.4671739724921,14.5009224583807,5,-64.6490355087468,-6.95024992173223,-0.70336865094722,3,1,42.600282416159
161.499999999995,49.2220121297731,13.2901855885799,5,-59.9335214390059,-6.95024161692093,4.01214541879362,5,1,43.5943315036155
161.999999999995,49.9768502870541,12.0794487187792,5,-61.399306110256,-6.95021502371352,2.54636074754358,5,1,44.6118677638687
162.499999999995,50.7316884443351,10.8687118489785,5,-56.6379977621802,-6.95004338725789,7.30766909561935,7,1,45.651320685582
162.999999999995,51.486526601616,9.65797497917774,5,-62.385001568755,-6.95020222522214,1.56066528904454,4,1,46.7112271741812
163.499999999995,52.241364758897,8.44723810937701,5,-65.5262319738763,-6.95019703427153,-1.58056511607672,3,1,47.7902263723581
163.999999999995,52.996202916178,7.23650123957628,5,-56.0593832996628,-6.95001693609794,7.88628355813672,7,1,48.8870540956159
164.499999999995,53.751041073459,6.02576436977555,5,-66.6188590490999,-6.95014283286114,-2.67319219130037,2,1,50.0005370810882
164.999999999995,54.50587923074,4.81502749997482,5,-66.6501102789306,-6.95016284012836,-2.70444342113104,2,1,51.1295872022261
165.499999999995,55.260717388021,3.60429063017409,5,-64.2156243073018,-6.95016685295246,-0.269957449502265,3,1,52.2731957638518
165.999999999995,56.015555545302,2.39355376037335,5,-56.5754942320737,-6.95003181276529,7.37017262572589,7,1,53.4304279609014
166.499999999995,56.770393702583,1.18281689057262,5,-64.8458866572552,-6.9501191812245,-0.900219799455651,3,1,54.6004175590932
166.999999999995,57.5252318598639,0,5,-66.9534276798342,-6.95013497811848,-3.00776082203464,2,1,55.7573234162537
167.499999999995,58.2800700171449,1.21073686980073,5,-66.0405823777681,-6.95015239880955,-2.09491551996855,3,1,54.7832251357717
167.999999999995,59.0349081744259,2.42147373960146,5,-60.086019777981,-6.95013021690125,3.85964707981858,5,1,53.8293203266746
168.499999999995,59.7897463317069,3.6322106094022,5,-65.2206819410708,-6.95014377554222,-1.27501508327122,3,1,52.8967014681445
168.999999999995,60.5445844889879,4.84294747920293,5,-68.5413538184507,-6.95011628261822,-4.59568696065119,2,1,51.9865141590723
169.499999999995,61.2994226462689,6.05368434900366,5,-60.1294916779865,-6.9500643957649,3.81617517981306,5,1,51.0999570590428
169.999999999995,62.0542608035499,7.26442121880439,5,-61.0230227725594,-6.95012945354002,2.9226440852401,5,1,50.2382811935657
170.499999999995,62.3792479136868,8.27916830831208,5,-62.8634637923491,-6.95016058086058,1.08220306545044,4,1,49.4583013856589
170.999999999995,62.7042350238237,9.29391539781977,5,-61.0517654319124,-6.95016682758495,2.89390142588716,5,1,48.6891457224339
171.499999999995,63.0292221339606,10.3086624873275,5,-66.001474898758,-6.95013615957464,-2.05580804095851,3,1,47.931335292906
171.999999999995,63.3542092440975,11.3234095768351,5,-60.5818923107868,-6.95009818913513,3.36377454701274,5,1,47.1854167227162
172.499999999994,63.6791963542344,12.3381566663428,5,-64.1221672686899,-6.95016646500859,-0.176500410890308,3,1,46.4519628884145
172.999999999994,64.0041834643713,13.3529037558505,5,-63.0068097845811,-6.95015687780056,0.938857073218464,4,1,45.7315735311144
173.499999999994,64.3291705745083,14.3676508453582,5,-65.8571748104561,-6.95019539677334,-1.91150795265656,3,1,45.0248757425454
173.999999999994,64.6541576846452,15.3823979348659,5,-67.66051363116,-6.95018805262664,-3.71484677336041,2,1,44.332524292966
174.499999999994,64.9791447947821,16.3971450243736,5,-59.5551003952435,-6.95010478226782,4.39056646255603,6,1,43.6552017667543
174.999999999994,65.3041319049191,17.4118921138813,5,-60.024439920338,-6.95010607517,3.92122693746159,5,1,42.9936184678665
175.499999999994,65.629119015056,18.426639203389,5,-65.7028844961325,-6.95019822928219,-1.75721763833298,3,1,42.3485120539053
175.999999999994,65.954106125193,19.4413862928967,5,-61.793105223337,-6.95008469866101,2.15256163446258,4,1,41.7206468544519
176.499999999994,66.2790932353299,20.4561333824044,5,-52.1609880473466,-6.95001259909574,10.4456668577995,9,1,41.1108128268324
176.999999999994,66.6040803454669,21.4708804719121,5,-60.1124693087988,-6.95017795677853,3.83319754900071,5,1,40.5198241008848
177.499999999994,66.9290674556038,22.4856275614198,5,-62.3283961463345,-6.95020015649396,1.61727071146506,4,1,39.9485170639072
177.999999999994,67.2540545657408,23.5003746509275,5,-59.2108127510368,-6.95018157631095,4.73485410676277,6,1,39.3977479381597
178.499999999994,67.5790416758777,24.5151217404352,5,-58.0755093450146,-6.95014407410819,5.87015751278494,6,1,38.8683898064621
178.999999999994,67.9040287860146,25.5298688299429,6,-62.1775038133241,-5.15022782731793,5.80856933509368,6,1,38.3613290469744
179.499999999994,68.2290158961516,26.5446159194506,6,-69.177349267688,-5.15014567564844,-1.1912761192703,3,1,37.8774611465478
179.999999999994,68.5540030062885,27.5593630089583,6,-66.0688947162889,-5.15011207619194,1.91717843212887,4,1,37.4176858734085
180.499999999994,68.8247056931375,27.6226751333185,6,-53.0926106764246,-5.15003438154033,14.8934624719932,11,1,37.5148532267187
180.999999999994,69.0954083799864,27.6859872576788,6,-59.3282482799498,-5.00011651379132,8.65782486846794,8,1,37.6138243982572
181.499999999994,69.3661110668354,27.749299382039,6,-54.1051772910429,-5.00001501458004,13.8808958573749,10,1,37.7145851872075
181.999999999994,69.6368137536843,27.8126115063993,6,-60.8258027823828,-5.00005154644867,7.16027036603493,7,1,37.8171212886816
182.499999999994,69.9075164405333,27.8759236307595,6,-52.0066883269041,-5.00003086611034,15.9793848215137,12,1,37.9214183018263
182.999999999994,70.1782191273822,27.9392357551198,6,-59.5496504054633,-5.00002338268949,8.43642274295447,8,1,38.0274617378131
183.499999999994,70.4489218142312,28.00254787948,6,-56.208939166331,-5.00000452050459,11.7771339820867,9,1,38.1352370277032
183.999999999994,70.7196245010801,28.0658600038403,6,-59.0586294994689,-5.0000503914903,8.92744364894887,8,1,38.2447295301835
184.499999999994,70.9903271879291,28.1291721282006,6,-63.4306257636745,-5.00006823089591,4.55544738474325,6,1,38.355924539166
184.999999999994,71.261029874778,28.1924842525608,6,-57.0548948231285,-5.00009691480887,10.9311783252893,9,1,38.4688072912459
185.499999999994,71.531732561627,28.2557963769211,6,-63.554525549127,-5.00217856589733,4.4315475992908,6,1,38.583362973014
185.999999999994,71.8024352484759,28.3191085012813,6,-63.8673616146076,-5.00415770467426,4.11871153381019,5,1,38.6995767282176
186.499999999994,72.0731379353249,28.3824206256416,6,-57.2879759241326,-5.0093795814753,10.6980972242851,9,1,38.8174336647667
186.999999999994,72.3438406221738,28.4457327500018,6,-65.4667534244543,-5.03115746287202,2.51931972396344,5,1,38.9369188615824
187.499999999994,72.6145433090228,28.5090448743621,6,-59.8479277794122,-5.07184103930578,8.13814536900552,8,1,39.0580173752822
187.999999999994,72.8852459958717,28.5723569987223,6,-63.1448874494348,-5.053313647419,4.84118569898292,6,1,39.1807142467026
188.499999999994,73.1559486827207,28.6356691230826,6,-62.7664065154425,-5.02237187183941,5.21966663297528,6,1,39.3049945072531
188.999999999994,73.4266513695696,28.6989812474429,6,-63.799130099842,-5.0192309009108,4.18694304857576,5,1,39.4308431851026
189.499999999994,73.6973540564186,28.7622933718031,6,-58.2569601482389,-5.07134713131784,9.72911300017889,8,1,39.5582453111942
189.999999999993,73.9680567432675,28.8256054961634,6,-57.0998200556484,-5.00830728100856,10.8862530927693,9,1,39.6871859250892
190.499999999993,73.6922772306193,28.8040550301444,6,-61.4933652668966,-5.03784004841628,6.49270788152112,7,1,39.5327975678128
190.999999999993,73.416497717971,28.7825045641254,6,-67.3337835055902,-5.06730899491854,0.652289642827529,4,1,39.3797470528583
191.499999999993,73.1407182053228,28.7609540981064,6,-48.6593673004064,-5.00035060107663,19.3267058480113,13,1,39.2280500392372
191.999999999993,72.8649386926746,28.7394036320875,6,-61.805309034276,-5.0242986045701,6.18076411414178,7,1,39.0777222895483
192.499999999993,72.5891591800263,28.7178531660685,6,-63.2476045972161,-5.04069510977103,4.73846855120165,6,1,38.9287796664831
192.999999999993,72.3133796673781,28.6963027000495,6,-61.3470013956239,-5.05857199557144,6.63907175279386,7,1,38.7812381291325
193.499999999993,72.0376001547298,28.6747522340305,6,-64.8244641165367,-5.01962281000206,3.16160903188106,5,1,38.6351137290902
193.999999999993,71.7618206420816,28.6532017680116,6,-67.2202847051714,-5.00819966751988,0.765788443246339,4,1,38.4904226063491
194.499999999993,71.4860411294333,28.6316513019926,6,-51.65298925537,-5.00052308843388,16.3330838930478,12,1,38.3471809849868
194.999999999993,71.2102616167851,28.6101008359736,6,-54.3941459869021,-5.00026128344344,13.5919271615157,10,1,38.2054051686366
195.499999999993,70.9344821041369,28.5885503699546,6,-54.6620894006432,-5.00012274813359,13.3239837477746,10,1,38.0651115357409
195.999999999993,70.6587025914886,28.5669999039357,6,-63.0387877688066,-5.00005444914397,4.94728537961115,6,1,37.9263165345842
196.499999999993,70.3829230788404,28.5454494379167,6,-55.3636718962947,-5.00001268876016,12.6224012521231,10,1,37.7890366781017
196.999999999993,70.1071435661921,28.5238989718977,6,-64.0363368941326,-5.00003350141837,3.94973625428514,5,1,37.6532885384626
197.499999999993,69.8313640535439,28.5023485058787,6,-61.8316334568595,-5.00003186234311,6.15443969155826,7,1,37.5190887414245
197.999999999993,69.5555845408957,28.4807980398598,6,-67.6245156213913,-5.00031450336374,0.36155752702648,4,1,37.3864539604577
198.499999999993,69.2798050282474,28.4592475738408,6,-61.3524929596711,-5.0000807026073,6.63358018874665,7,1,37.2554009106374
198.999999999993,69.0040255155992,28.4376971078218,6,-59.1113490874773,-5.00003054538444,8.87472406094041,8,1,37.1259463423033
199.499999999993,68.7282460029509,28.4161466418028,6,-64.5078233215337,-5.00006779309113,3.47824982688401,5,1,36.998107034485
199.999999999993,68.4524664903027,28.3945961757838,6,-54.117001907447,-5.00000566626322,13.8690712409707,10,1,36.8718997880933
200.499999999993,67.3938405672298,27.5666603465771,6,-67.8941488561657,-5.00030682654111,0.0919242922520775,3,1,36.8517356129131
200.999999999993,66.3352146441569,26.7387245173703,6,-63.6917344600491,-5.0002895441921,4.29433868836866,5,1,36.8805663534261
201.499999999993,65.276588721084,25.9107886881636,5,-58.1822304866473,-6.80009076833619,5.7634363711522,6,1,36.9582773486463
201.999999999993,64.2179627980111,25.0828528589568,5,-60.1365029618754,-6.80029044056587,3.80916389592418,5,1,37.084561312951
202.499999999993,63.1593368749382,24.2549170297501,5,-66.2350721383681,-6.80020467337647,-2.28940528056854,3,1,37.2589243555576
202.999999999993,62.1007109518653,23.4269812005433,5,-59.1057239489851,-6.80022214928788,4.83994290881449,6,1,37.4806954798983
203.499999999993,61.0420850287924,22.5990453713365,5,-65.4676268259139,-6.80022645582309,-1.5219599681144,3,1,37.7490391446611
203.999999999993,59.9834591057195,21.7711095421298,5,-60.9172482872556,-6.8002935924598,3.02841857054394,5,1,38.0629703543747
204.499999999993,58.9248331826466,20.943173712923,5,-60.2924268401514,-6.80028198768007,3.65324001764818,5,1,38.4213716727479
204.999999999993,57.8662072595737,20.1152378837163,5,-50.3023001534547,-6.80002167097994,10.9456668577995,9,1,38.8230115189102
205.499999999993,56.8075813365008,19.2873020545095,5,-60.7132625535518,-6.80022300642087,3.23240430424778,5,1,39.2665631134686
205.999999999993,55.7489554134279,18.4593662253027,5,-63.2629842070411,-6.80029161701261,0.68268265075847,4,1,39.7506234825965
206.499999999993,54.690329490355,17.631430396096,5,-58.7756467683668,-6.80028789129261,5.17002008943276,6,1,40.2737319965616
206.999999999993,53.6317035672821,16.8034945668892,5,-60.1268136349805,-6.80015406130355,3.81885322281905,5,1,40.8343880053462
207.499999999992,52.5730776442092,15.9755587376825,5,-51.6659991765033,-6.80002755138472,10.9456668577995,9,1,41.4310672295082
207.999999999992,51.5144517211364,15.1476229084757,5,-63.3331612702809,-6.80026300500452,0.612505587518603,4,1,42.0622366612316
208.499999999992,50.4558257980635,14.319687079269,5,-62.5465093789722,-6.80024441738381,1.39915747882733,4,1,42.726367822218
208.999999999992,49.3971998749906,13.4917512500622,5,-66.7648397541708,-6.80021071032003,-2.81917289637125,2,1,43.4219483070261
209.499999999992,48.3385739519177,12.6638154208555,5,-66.7072638193,-6.80019265852535,-2.76159696150048,2,1,44.1474916098434
209.999999999992,47.2799480288448,11.8358795916487,5,-60.9525770443858,-6.8001888196569,2.99308981341374,5,1,44.9015452882072
210.499999999992,47.7887451053585,11.5260327090675,5,-55.6355418914282,-6.80021270660493,8.31012496637132,8,1,45.1374102858463
210.999999999992,48.2975421818722,11.2161858264862,5,-59.3009324801982,-6.80021037575758,4.64473437760133,6,1,45.3798700358226
211.499999999992,48.8063392583859,10.9063389439049,5,-63.5005214262796,-6.80021460032217,0.445145431519982,4,1,45.6288194098304
211.999999999992,49.3151363348997,10.5964920613237,5,-58.4986901981443,-6.80007654913392,5.44697665965528,6,1,45.8841527775451
212.499999999992,49.8239334114134,10.2866451787424,5,-67.5045159756297,-6.80018849491702,-3.55884911783019,2,1,46.1457641675021
212.999999999992,50.3327304879271,9.97679829616116,5,-59.8772469442906,-6.80021051242802,4.06841991350891,5,1,46.4135474210253
213.499999999992,50.8415275644408,9.66695141357989,5,-62.907828711157,-6.80020607161877,1.03783814664254,4,1,46.6873963390146
213.999999999992,51.3503246409546,9.35710453099863,5,-59.543242020654,-6.80017723579584,4.40242483714558,6,1,46.9672048214511
214.499999999992,51.8591217174683,9.04725764841737,5,-67.258621752434,-6.80019099511028,-3.31295489463447,2,1,47.2528669995321
214.999999999992,52.367918793982,8.73741076583611,5,-65.1390462091052,-6.8001939828018,-1.19337935130569,3,1,47.5442773603957
215.499999999992,52.8767158704957,8.42756388325485,5,-61.5053214807113,-6.80019949930131,2.44034537708821,5,1,47.8413308644358
215.999999999992,53.3855129470094,8.11771700067359,5,-62.9460344138266,-6.80018302620174,0.999632443972962,4,1,48.1439230552521
216.499999999992,53.8943100235232,7.80787011809232,5,-61.1019810216572,-6.80019235075157,2.84368583614236,5,1,48.4519501623111
216.999999999992,54.4031071000369,7.49802323551105,5,-58.962380511502,-6.80018596065479,4.98328634629754,6,1,48.7653091964314
217.499999999992,54.9119041765506,7.18817635292979,5,-63.4644737421299,-6.80018117927937,0.481193115669659,4,1,49.083898038231
217.999999999992,55.4207012530643,6.87832947034852,5,-53.5384958467025,-6.80002140955478,10.407171011097,9,1,49.4076155197029
218.499999999992,55.9294983295781,6.56848258776726,5,-63.6587198588984,-6.80018567259544,0.286946998901134,4,1,49.7363614991039
218.999999999992,56.4382954060918,6.25863570518599,5,-63.3279790493576,-6.80008006666989,0.617687808441978,4,1,50.0700369293626
219.499999999992,56.9470924826055,5.94878882260472,5,-68.645629981342,-6.80016393802697,-4.69996312354243,2,1,50.4085439202259
219.999999999992,57.4558895591192,5.63894194002346,5,-66.5410201327272,-6.80016871032054,-2.59535327492767,2,1,50.7517857943776
220.499999999992,57.3203323079844,5.14787386318477,5,-67.7156825540589,-6.80016349352001,-3.77001569625933,2,1,51.1620023463909
220.999999999992,57.1847750568496,4.65680578634607,5,-63.7581249752864,-6.80011414410412,0.187541882513164,3,1,51.5739881540556
221.499999999992,57.0492178057148,4.16573770950738,5,-61.9195460726603,-6.80016337266186,2.02612078513927,4,1,51.9877011550432
221.999999999992,56.91366055458,3.67466963266869,5,-59.5815187605692,-6.80017634011339,4.36414809723036,6,1,52.4031004417329
222.499999999992,56.7781033034452,3.18360155583,5,-68.7620557323934,-6.8001717968149,-4.81638887459385,1,1,52.8201462292131
222.999999999992,56.6425460523104,2.69253347899131,5,-52.4034896155003,-6.80003306901738,10.9456668577995,9,1,53.2387998239388
223.499999999992,56.5069888011756,2.20146540215261,5,-65.5283679923404,-6.80011564913072,-1.58270113454084,3,1,53.6590235930569
223.999999999992,56.3714315500408,1.71039732531392,5,-61.7323160962621,-6.8001371551922,2.21335076153746,4,1,54.0807809344124
224.499999999992,56.235874298906,1.21932924847523,5,-59.3386286550465,-6.80014055133973,4.60703820275303,6,1,54.5040362472397
224.999999999992,56.1003170477712,0.728261171636536,5,-69.9948988863839,-6.80016283690178,-6.04923202858431,1,1,54.9287549035456
225.499999999991,55.9647597966364,0.237193094797844,5,-59.4109763506198,-6.80014327762494,4.5346905071797,6,1,55.3549032201846
225.999999999991,55.8292025455016,0.196427230735477,5,-68.1134025371776,-6.80015892548216,-4.16773567937808,2,1,55.3771203919083
226.499999999991,55.6936452943668,0.68749530757417,5,-63.4084080120437,-6.80015185206838,0.537258845755834,4,1,54.921678013136
226.999999999991,55.5580880432319,1.17856338441286,5,-65.2297848201648,-6.8000692369884,-1.28411796236525,3,1,54.4671921059468
227.499999999991,55.4225307920971,1.66963146125155,5,-66.5762321094523,-6.80014435806709,-2.63056525165281,2,1,54.0136868143852
227.999999999991,55.2869735409623,2.16069953809025,5,-64.9189537252711,-6.80009565724574,-0.973286867471537,3,1,53.561187047224
228.499999999991,55.1514162898275,2.65176761492894,5,-64.9656463728282,-6.8001431913241,-1.0199795150287,3,1,53.1097185059551
228.999999999991,55.0158590386927,3.14283569176763,5,-67.5750459589345,-6.80014406539301,-3.62937910113497,2,1,52.6593077138764
229.499999999991,54.8803017875579,3.63390376860632,5,-62.2155295572715,-6.80015001626552,1.73013730052805,4,1,52.2099820463147
229.999999999991,54.7447445364231,4.12497184544502,5,-69.5397769720359,-6.80014118631558,-5.59411011423638,1,1,51.7617697620274
230.499999999991,53.9486448612866,4.50007900963639,5,-65.9489152273861,-6.80017626003005,-2.00324836958659,3,1,51.3622877836443
230.999999999991,53.15254518615,4.87518617382776,5,-65.5779359040666,-6.80016261811601,-1.63226904626709,3,1,50.9748699262433
231.499999999991,52.3564455110135,5.25029333801913,5,-64.1560342716366,-6.80016616123516,-0.210367413837056,3,1,50.5997932977963
231.999999999991,51.5603458358769,5.6254005022105,5,-67.1293334090665,-6.80016124035557,-3.183666551267,2,1,50.2373343213666
232.499999999991,50.7642461607404,6.00050766640187,5,-64.2184115622716,-6.80018505347467,-0.272744704472013,3,1,49.8877680179076
232.999999999991,49.9681464856038,6.37561483059324,5,-64.7286293116725,-6.80014559057076,-0.782962453872978,3,1,49.5513672470815
233.499999999991,49.1720468104673,6.75072199478461,5,-60.1199396337775,-6.80016405607705,3.82572722402206,5,1,49.2284019084153
233.999999999991,48.3759471353307,7.12582915897598,5,-64.4309264208702,-6.80011770617527,-0.485259563070651,3,1,48.9191381057818
234.499999999991,47.5798474601942,7.50093632316735,5,-60.9450177341807,-6.8001847263906,3.00064912361885,5,1,48.6238372788842
234.999999999991,46.7837477850577,7.87604348735872,5,-62.8398277742643,-6.8001780855922,1.10583908353526,4,1,48.3427553061368
235.499999999991,45.9876481099211,8.25115065155009,5,-63.8989689937662,-6.80019903708609,0.0466978640333536,3,1,48.0761415840475
235.999999999991,45.1915484347846,8.62625781574146,5,-63.5868809654405,-6.80019531149621,0.358785892359043,4,1,47.8242380889076
236.499999999991,44.395448759648,9.00136497993282,5,-55.6980504826944,-6.80002939925288,8.2476163751051,8,1,47.5872784272689
236.999999999991,43.5993490845115,9.37647214412419,5,-61.9369282237096,-6.80019359333967,2.00873863408994,4,1,47.3654868823183
237.499999999991,42.8032494093749,9.75157930831555,5,-62.6106352814844,-6.8001593841289,1.33503157631517,4,1,47.1590774638189
237.999999999991,42.0071497342384,10.1266864725069,5,-61.0757536135233,-6.80014300298458,2.86991324427627,5,1,46.9682529697736
238.499999999991,41.2110500591018,10.5017936366983,5,-68.279714040028,-6.80013838826125,-4.3340471822285,2,1,46.7932040683429
238.999999999991,40.4149503839653,10.8769008008897,5,-63.3533788291578,-6.800158038109,0.592288028641709,4,1,46.6341084088168
239.499999999991,39.6188507088287,11.252007965081,5,-60.3531953186001,-6.80016530432019,3.59247153919947,5,1,46.4911297705673
239.999999999991,38.8227510336922,11.6271151292724,5,-59.6397473438124,-6.8001563495556,4.30591951398714,6,1,46.3644172588953
240.499999999991,38.9750452127629,13.0741429931139,5,-64.4385555179036,-6.80015701703215,-0.492888660104052,3,1,45.1366651820183
240.999999999991,39.1273393918335,14.5211708569554,5,-58.7688758291479,-6.80015714533562,5.17679102865167,6,1,43.9227966557428
241.499999999991,39.2796335709042,15.9681987207968,5,-56.6931534740296,-6.80016408375077,7.25251338376997,7,1,42.7239950692964
241.999999999991,39.4319277499748,17.4152265846383,5,-59.628222371623,-6.80019547837079,4.31744448617659,6,1,41.5415648430847
242.499999999991,39.5842219290455,18.8622544484798,5,-59.5809955078005,-6.80017872764282,4.36467134999905,6,1,40.3769442981337
242.99999999999,39.7365161081161,20.3092823123213,5,-61.1803781044568,-6.80018628879319,2.76528875334273,5,1,39.2317195443737
243.49999999999,39.8888102871868,21.7563101761628,5,-57.2681370758131,-6.80019635463032,6.67752978198646,7,1,38.1076392902214
243.99999999999,40.0411044662574,23.2033380400043,5,-59.7001373196196,-6.80020397734086,4.24552953817991,5,1,37.0066303849767
244.49999999999,40.1933986453281,24.6503659038458,5,-57.4489141613242,-6.80024285507367,6.49675269647533,7,1,35.9308137806306
244.99999999999,40.3456928243987,26.0973937676873,5,-60.2046729091194,-6.80025356107319,3.74099394868015,5,1,34.8825204327018
245.49999999999,40.4979870034694,27.5444216315288,5,-62.8125468700277,-6.80026486660104,1.13311998777186,4,1,33.8643064427546
245.99999999999,40.65028118254,28.9914494953703,5,-59.5658055896515,-6.80028930942841,4.37986126814808,6,1,32.8789664720645
246.49999999999,40.8025753616107,30.4384773592118,5,-57.8108998174136,-6.80028559026912,6.13476704038592,7,1,31.9295441246022
246.99999999999,40.9548695406813,31.8855052230533,5,-62.7532866320379,-6.8002774141781,1.19238022576164,4,1,31.0193376146256
247.49999999999,41.107163719752,33.3325330868948,6,-62.6396559104548,-5.00019266056166,5.34641723796297,6,1,30.1518986202652
247.99999999999,41.2594578988226,34.7795609507362,6,-63.814939442249,-5.00036621009723,4.17113370616872,5,1,29.3310218211846
248.49999999999,41.4117520778933,36.2265888145777,6,-58.334338578722,-5.0001338633107,9.65173456969571,8,1,28.5607222957384
248.99999999999,41.5640462569639,37.6736166784192,6,-61.6566799417829,-5.00010138483371,6.32939320663489,7,1,27.8451978147973
249.49999999999,41.7163404360346,39.1206445422607,6,-59.8660929006166,-5.00015069101583,8.11998024780118,8,1,27.1887732519788
249.99999999999,41.8686346151052,40.5676724061021,6,-57.3332952191294,-5.00004636640272,10.6527779292884,9,1,26.5958249892962
250.49999999999,40.6841948383013,41.3106216903662,6,-67.87488741208,-5.00005607584996,0.111185736337791,3,1,26.7308720624425
250.99999999999,39.4997550614973,42.0535709746303,6,-68.5710273476251,-5.0001615639752,-0.58495419920737,3,1,26.9379078256607
251.49999999999,38.3153152846933,42.7965202588944,6,-64.4068629596305,-5.00009685962762,3.5792101887872,5,1,27.2152894027721
251.99999999999,37.1308755078894,43.5394695431585,6,-63.3527048363519,-5.00018933854186,4.63336831206582,6,1,27.5608929277921
252.49999999999,35.9464357310854,44.2824188274225,6,-73.0669928064787,-5.0001002344381,-5.08091965806095,1,1,27.9721898164145
252.99999999999,34.7619959542814,45.0253681116866,6,-58.6528238622612,-5.00015277776817,9.33324928615653,8,1,28.4463306899424
253.49999999999,33.5775561774775,45.7683173959507,6,-60.5783035678056,-5.00015377253679,7.40776958061219,7,1,28.9802311717026
253.99999999999,32.3931164006735,46.5112666802148,2,-59.9317407568294,-4.20001419180101,11.4950313060837,9,1,29.570654545627
254.49999999999,31.2086766238696,47.2542159644789,2,-68.0974668384742,-4.20019846198287,3.32930522443881,5,1,30.2142874183064
254.99999999999,30.0242368470656,47.9971652487429,2,-68.7559236990199,-4.20015277412204,2.67084836389317,5,1,30.9078058196142
255.49999999999,28.8397970702616,48.740114533007,2,-60.8152395463425,-4.20019409377304,10.6115325165705,9,1,31.6479304128666
255.99999999999,27.6553572934577,49.4830638172711,2,-57.8252009352026,-4.20019881119496,13.6015711277105,10,1,32.4314705294109
256.49999999999,26.4709175166537,50.2260131015352,2,-67.0554642469504,-4.20024612426014,4.37130781596265,6,1,33.2553575297301
256.99999999999,25.2864777398497,50.9689623857992,2,-62.1041549489262,-4.20008755956787,9.32261711398681,8,1,34.1166685156689
257.49999999999,24.1020379630458,51.7119116700633,2,-67.9419794023839,-4.20023179706288,3.48479266052914,5,1,35.0126417060127
257.99999999999,22.9175981862418,52.4548609543274,2,-67.9114282735427,-4.20021885370718,3.51534378937033,5,1,35.9406848892301
258.49999999999,21.7331584094379,53.1978102385915,2,-68.5496611357619,-4.2001471078531,2.87711092715112,5,1,36.8983783360187
258.99999999999,20.5487186326339,53.9407595228556,2,-76.5003096099581,-4.20012807893458,-5.07353754704508,1,1,37.8834734389119
259.499999999991,19.3642788558299,54.6837088071196,2,-64.2590809526171,-4.20001463415909,7.16769111029595,7,1,38.8938881858479
259.999999999991,18.179839079026,55.4266580913837,2,-73.1155378976723,-4.20009640449961,-1.68876583475922,3,1,39.9277003980628
260.499999999991,17.7939484631251,55.3986036886881,2,-66.3594641901831,-4.200215271488,5.06730787272993,6,1,40.2321348847331
260.999999999991,17.4080578472243,55.3705492859925,2,-67.8260012499674,-4.2001768433306,3.60077081294563,5,1,40.5379759352037
261.499999999991,17.0221672313235,55.3424948832969,2,-68.7255489445761,-4.20020649990803,2.70122311833691,5,1,40.8451919532379
261.999999999991,16.6362766154227,55.3144404806012,2,-68.065704773949,-4.20018149241096,3.36106728896402,5,1,41.1537521461221
262.499999999991,16.2503859995218,55.2863860779056,2,-63.2543376616798,-4.20005780208751,8.17243440123323,8,1,41.4636265049977
262.999999999991,15.864495383621,55.25833167521,2,-64.849215993091,-4.20015714526049,6.57755606982204,7,1,41.7747857854633
263.499999999991,15.4786047677202,55.2302772725144,2,-70.759879049352,-4.20013861301097,0.666893013561094,4,1,42.087201488465
263.999999999992,15.0927141518194,55.2022228698188,2,-64.191577641433,-4.20004779655658,7.23519442148003,7,1,42.4008458414907
264.499999999992,14.7068235359185,55.1741684671232,2,-67.6103315180055,-4.20013796775284,3.81644054490752,5,1,42.715691780082
264.999999999992,14.3209329200177,55.1461140644276,2,-57.9741535379362,-4.20000507202198,13.4526185249768,10,1,43.0317129296752
265.499999999992,13.9350423041169,55.1180596617319,2,-65.9647898639673,-4.20015546611225,5.46198219894576,6,1,43.3488835877798
265.999999999992,13.549151688216,55.0900052590363,2,-72.0660713890665,-4.20010939603173,-0.639299326153407,3,1,43.6671787065034
266.499999999992,13.1632610723152,55.0619508563407,2,-65.7044974498674,-4.20011832648913,5.72227461304567,6,1,43.9865738754272
266.999999999992,12.7773704564144,55.0338964536451,2,-71.1647985520177,-4.20012563164344,0.26197351089533,4,1,44.3070453048388
267.499999999992,12.3914798405135,55.0058420509495,2,-64.4263378352783,-4.20004945928942,7.00043422763473,7,1,44.6285698093223
267.999999999992,12.0055892246127,54.9777876482539,2,-74.320487874156,-4.20008823919127,-2.89371581124294,2,1,44.951124791711
268.499999999993,11.6196986087119,54.9497332455582,2,-65.9153749939358,-4.20002301609805,5.51139706897726,6,1,45.2746882274003
268.999999999993,11.233807992811,54.9216788428626,2,-62.3428459428888,-4.2000350124586,9.08392612002427,8,1,45.5992386490227
269.499999999993,10.8479173769102,54.893624440167,2,-65.0460775437144,-4.20008110420411,6.38069451919863,7,1,45.9247551314827
269.999999999993,10.4620267610094,54.8655700374714,2,-60.5357237640441,-4.20008553926395,10.8910482988689,9,1,46.2512172773504
270.499999999993,11.4070584818099,54.8726964333672,2,-65.4989043496208,-4.20009600148958,5.92786771329227,7,1,45.4467634222526
270.999999999993,12.3520902026104,54.879822829263,2,-72.3135988580273,-4.20013459622275,-0.886826795114303,3,1,44.6478194647553
271.499999999993,13.2971219234108,54.8869492251588,2,-69.5456698049533,-4.20002813701195,1.88110225795975,4,1,43.8546865435639
271.999999999993,14.2421536442113,54.8940756210546,2,-70.7113838412241,-4.20015508461865,0.715388221688954,4,1,43.0676857073698
272.499999999993,15.1871853650118,54.9012020169504,2,-65.3271630205068,-4.20003384004848,6.0996090424062,7,1,42.287159327874
272.999999999994,16.1322170858123,54.9083284128462,2,-70.0167893630431,-4.20007993048495,1.40998269986997,4,1,41.5134726002402
273.499999999994,17.0772488066128,54.915454808742,2,-58.6820210510802,-4.20000737047783,12.7447510118328,10,1,40.747015131399
273.999999999994,18.0222805274133,54.9225812046378,2,-58.0035360627888,-4.20000766260723,13.4232360001243,10,1,39.9882026150676
274.499999999994,18.9673122482138,54.9297076005335,2,-64.0629371460864,-4.20016755798344,7.36383491682665,7,1,39.2374785903302
274.999999999994,19.9123439690143,54.9368339964293,2,-67.562751604236,-4.20023404825025,3.86402045867705,5,1,38.4953162780514
275.499999999994,20.8573756898148,54.9439603923251,2,-57.3963511329286,-4.20001544905222,14.0304209299844,10,1,37.7622204861615
275.999999999994,21.8024074106153,54.9510867882209,2,-68.7644997448848,-4.20019722255562,2.66227231802824,5,1,37.0387295708346
276.499999999994,22.7474391314158,54.9582131841167,2,-66.2745450434792,-4.20029213709594,5.15222701943387,6,1,36.3254174356612
276.999999999994,23.6924708522163,54.9653395800125,2,-65.5873083323737,-4.20018004125091,5.83946373053932,6,1,35.6228955449487
277.499999999995,24.6375025730168,54.9724659759083,2,-66.6402105344332,-4.20025555993735,4.78656152847983,6,1,34.9318149201455
277.999999999995,25.5825342938173,54.9795923718041,2,-64.9904005321332,-4.20041197681169,6.43637153077982,7,1,34.2528680799424
278.499999999995,26.5275660146178,54.9867187676999,2,-64.9106092911673,-4.20014502502995,6.51616277174571,7,1,33.5867908747808
278.999999999995,27.4725977354182,54.9938451635957,2,-66.717498943351,-4.20036627836863,4.70927311956205,6,1,32.9343641552141
279.499999999995,28.4176294562187,55.0009715594915,2,-55.6800099617049,-4.20004013916815,15.7467621012082,12,1,32.2964152008844
279.999999999995,29.3626611770192,55.0080979553873,2,-68.2524518904472,-4.2003850796966,3.17432017246581,5,1,31.67381882289
280.499999999995,29.686849310223,55.8532226897109,2,-64.9804627446413,-4.20025863699816,6.44630931827174,7,1,31.6090858267197
280.999999999995,30.0110374434268,56.6983474240345,2,-55.9690528748506,-4.20006950863906,15.4577191880624,11,1,31.5701834378763
281.499999999996,30.3352255766305,57.5434721583582,2,-61.7632957804608,-4.20085389855009,9.66347628245228,8,1,31.5572071851413
281.999999999996,30.6594137098343,58.3885968926818,2,-62.5092144779911,-4.20042544469577,8.91755758492197,8,1,31.5701890376864
282.499999999996,30.983601843038,59.2337216270054,2,-47.7973012849014,-4.20003235705678,23.026772062913,15,1,31.6090970125553
282.999999999996,31.3077899762418,60.078846361329,2,-59.0004386537288,-4.20031556404469,12.4263334091843,10,1,31.6738355673506
283.499999999996,31.6319781094456,60.9239710956526,2,-63.9465486670829,-4.20052072761566,7.48022339583014,7,1,31.7642467669319
283.999999999996,31.9561662426493,61.7690958299763,2,-64.1359982221791,-4.20022128927742,7.29077384073393,7,1,31.8801121911149
284.499999999996,32.2803543758531,62.6142205642999,2,-64.0641134868794,-4.20078115887975,7.36265857603362,7,1,32.021155530214
284.999999999996,32.6045425090569,63.4593452986235,2,-60.6715676830154,-4.20052182127094,10.7552043798977,9,1,32.1870457977552
285.499999999996,32.9287306422606,64.3044700329471,2,-55.4314514037238,-4.20007175432959,15.9953206591892,12,1,32.3774010755646
285.999999999997,33.2529187754644,65.1495947672707,2,-67.8405876066697,-4.20011228582247,3.5861844562433,5,1,32.5917926962251
286.499999999997,33.5771069086681,65.9947195015943,2,-56.2555931426384,-4.20014283975878,15.1711789202746,11,1,32.8297497618242
286.999999999997,33.9012950418719,66.839844235918,2,-56.346652057429,-4.20009638226057,15.080120005484,11,1,33.0907638959701
287.499999999997,34.2254831750757,67.6849689702416,2,-57.6268419165012,-4.20007117563675,13.7999301464119,10,1,33.3742941279397
287.999999999997,34.5496713082794,68.5300937045652,2,-57.6740463737436,-4.20061859620216,13.7527256891694,10,1,33.6797718130953
288.499999999997,34.8738594414832,69.3752184388888,2,-51.8870755239303,-4.20273262383368,19.5396965389828,13,1,34.0066055017355
288.999999999997,35.198047574687,70.2203431732124,2,-57.5370124446036,-4.22168341969549,13.8897596183094,10,1,34.354185678658
289.499999999997,35.5222357078907,71.0654679075361,2,-57.7006662864455,-4.23911394960103,13.7261057764675,10,1,34.7218893071979
289.999999999997,35.8464238410945,71.9105926418597,2,-61.5605251278089,-4.24724149395207,9.86624693510413,8,1,35.1090841236774
290.499999999998,35.7251501421003,71.9060144365978,2,-54.8194326481196,-4.20593576766102,16.6073394147934,12,1,35.1552955749488
290.999999999998,35.6038764431061,71.9014362313359,2,-56.5405328380678,-4.20454998413184,14.8862392248452,11,1,35.2018647582856
291.499999999998,35.4826027441119,71.8968580260741,2,-53.0052427192176,-4.21858247351645,18.4215293436955,13,1,35.2487902558274
291.999999999998,35.3613290451176,71.8922798208122,2,-56.2988311145778,-4.25907304728351,15.1279409483353,11,1,35.296070646434
292.499999999998,35.2400553461234,71.8877016155504,2,-58.6843877602695,-4.21416540612926,12.7423843026436,10,1,35.3437045058503
292.999999999998,35.1187816471292,71.8831234102885,2,-55.7855227183773,-4.20708664522429,15.6412493445358,11,1,35.39169040687
293.499999999998,34.997507948135,71.8785452050266,2,-58.3786442945438,-4.23936421578104,13.0481277683693,10,1,35.4400269194969
293.999999999998,34.8762342491408,71.8739669997648,2,-53.936616567196,-4.20800798781571,17.4901554957171,12,1,35.4887126111058
294.499999999998,34.7549605501466,71.8693887945029,2,-59.8679297084858,-4.21240880080988,11.5588423544273,9,1,35.5377460466011
294.999999999999,34.6336868511524,71.864810589241,2,-54.0714780486514,-4.21204950917732,17.3552940142616,12,1,35.5871257885746
295.499999999999,34.5124131521582,71.8602323839792,2,-63.4477336609641,-4.24922339783346,7.97903840194893,7,1,35.636850397461
295.999999999999,34.391139453164,71.8556541787173,2,-60.2588476599176,-4.21283615525361,11.1679244029954,9,1,35.6869184316923
296.499999999999,34.2698657541698,71.8510759734554,2,-58.3360203815357,-4.25382672816281,13.0907516813774,10,1,35.7373284478508
296.999999999999,34.1485920551756,71.8464977681936,2,-63.7128389925183,-4.21127119383841,7.71393307039475,7,1,35.78807900082
297.499999999999,34.0273183561813,71.8419195629317,2,-55.9899557316077,-4.21277477991532,15.4368163313053,11,1,35.8391686439343
297.999999999999,33.9060446571871,71.8373413576698,2,-62.9292117079824,-4.21931752925334,8.49756035493066,8,1,35.8905959291268
298.499999999999,33.7847709581929,71.832763152408,2,-53.8290057677107,-4.20270920304753,17.5977662952023,12,1,35.9423594070758
298.999999999999,33.6634972591987,71.8281849471461,2,-60.4484272125902,-4.21434171865631,10.9783448503229,9,1,35.994457627349
299.5,33.5422235602045,71.8236067418842,2,-65.3898736126295,-4.22146087311135,6.0368984502835,7,1,36.0468891385471
300,33.4209498612103,71.8190285366224,2,-53.2046823252754,-4.20516317401774,18.2220897376376,13,1,36.0996524884443
