timestamp,ue_id,x,y,area_id,rsrp,rsrq,sinr,cqi,serving_bs,distance
0,1,17.8576986828466,155.491969810868,7,-62.3452328864745,-5.16018824811144,5.6408402619432,6,1,112.756078454954
0,2,189.647103029063,138.91805211417,8,-91.5985380570585,-5.95000000000001,-19.6695428927953,0,2,47.4020289390804
0,3,159.53813263398,96.3292013189736,1,-75.6242630475442,-5.95000000000195,-16.1938059403396,0,2,59.3614403902286
0,4,54.3408395881839,179.055873470569,3,-59.4991872794302,-5.15793862404036,8.4868858689875,8,2,102.699409705369
0,5,71.2049619057221,184.909311568187,3,-63.122187319858,-5.16191899872295,4.86388582855972,6,2,89.3284280755207
0,6,117.152731215597,92.9702444145893,6,-46.9975712952162,-5.96266966627986,15.3304571072047,11,2,69.8826594279759
0,7,56.3554567646468,158.218768121283,3,-53.4305480218802,-5.15633295982807,14.5555251265376,11,2,96.897361301479
0,8,154.196099312639,54.9979677317107,1,-77.931230942435,-5.95000000000155,-18.5007738352303,0,2,97.9553132022282
0,9,198.337477051527,116.852881154336,1,-80.7268766579812,-5.95,-19.6695428927953,0,2,63.14660066445
0,10,82.6797519801273,55.1158796377702,4,-57.7008476579965,-4.35000000000234,8.92592440491654,8,1,40.5757121188377
0.5,1,18.2475921474437,155.779068977386,7,-56.5923078197674,-5.16038662456188,11.3937653286503,9,1,112.914466912605
0.5,2,190.439283702461,138.608899578195,8,-77.2808384154724,-5.95,-17.8503813082677,0,2,48.1387872218212
0.5,3,159.034395631638,95.0783646198906,1,-63.3813001643078,-5.95000000000113,-3.95084305710309,2,2,60.417351292941
0.5,4,54.1392464247359,178.915313105163,3,-53.4274240352236,-5.15875791492229,14.5586491131941,11,2,102.847602830533
0.5,5,70.9060467672379,186.333223325388,3,-66.1692334907432,-5.15462429172747,1.81683965767452,4,2,90.156566900026
0.5,6,116.829903046458,93.3748891126638,6,-48.6177046627454,-5.96074366897225,15.3304571072047,11,2,69.7058714521988
0.5,7,56.4054330212469,158.181337236661,3,-53.5947609530042,-5.15539456919568,14.3913121954135,11,2,96.8458943214439
0.5,8,154.198744363637,55.0254526232379,1,-86.956685292339,-5.9500000000013,-19.6695428927953,0,2,97.9287705613218
0.5,9,197.046885810096,116.180296800194,1,-72.0172038988672,-5.95,-12.5867467916625,0,2,62.5254491303439
0.5,10,81.5607905504547,55.5980011943823,4,-52.2248119461647,-4.35000000000265,14.4019601167483,11,1,39.7450766453151
1,1,18.6374856120407,156.066168143904,7,-56.2228076321214,-5.16230202456044,11.7632655162964,9,1,113.074706868804
1,2,191.231464375859,138.29974704222,8,-90.6463675813985,-5.95000000000001,-19.6695428927953,0,2,48.8792345874374
1,3,158.530658629295,93.8275279208076,1,-78.0033316810368,-5.95000000000127,-18.5728745738321,0,2,61.4847034321319
1,4,53.9376532612879,178.774752739757,3,-60.0175882185591,-5.15617171226646,7.96848492985862,7,2,102.99616913353
1,5,70.6071316287537,187.757135082588,3,-57.5578273665529,-5.16194588003803,10.4282457818648,9,2,91.0004329542385
1,6,116.50707487732,93.7795338107383,6,-46.7066919953364,-5.96186764554696,15.3304571072047,11,2,69.5324877435822
1,7,56.455409277847,158.143906352039,3,-56.6646972665728,-5.15408831568544,11.321375881845,9,2,96.794440253797
1,8,154.201389414635,55.0529375147651,1,-60.6540606678548,-5.95000000000154,-1.22360356065014,3,2,97.9022285118602
1,9,195.756294568666,115.507712446052,1,-88.2784427161732,-5.95000000000009,-19.6695428927953,0,2,61.9322726319543
1,10,80.441829120782,56.0801227509943,4,-81.1284609540714,-4.3500000000029,-12.473227937087,0,1,38.9348539599939
1.5,1,19.0273790766378,156.353267310423,7,-63.5033444777575,-5.15907859903662,4.48272867066027,6,1,113.236790463455
1.5,2,192.023645049256,137.990594506244,8,-88.8568614940329,-5.95000000000001,-19.6695428927953,0,2,49.6232058974359
1.5,3,158.026921626952,92.5766912217246,1,-66.2190344728419,-5.95000000000203,-6.78857736563718,0,2,62.562911232218
1.5,4,53.7360600978399,178.634192374351,3,-60.0047332333984,-5.15787068156383,7.98133991501939,7,2,103.145107001825
1.5,5,70.3082164902695,189.181046839789,3,-58.5017749790263,-5.15435233643063,9.48429816939144,8,2,91.85959280567
1.5,6,116.184246708181,94.1841785088127,6,-44.8225200599108,-5.96226057278897,15.3304571072047,11,2,69.3625338308029
1.5,7,56.5053855344472,158.106475467416,3,-52.7550958558219,-5.15720779312337,15.2309772925958,11,2,96.7429991191413
1.5,8,154.204034465633,55.0804224062923,1,-72.5165872413396,-5.95000000000107,-13.086130134135,0,2,97.8756870543248
1.5,9,194.465703327235,114.83512809191,1,-73.6634907156085,-5.95000000000001,-14.2330336084038,0,2,61.3678823872716
1.5,10,79.3228676911093,56.5622443076064,4,-62.0926579311786,-4.35000000000282,4.53411413173444,6,1,38.1463447787991
2,1,19.4172725412349,156.640366476941,7,-61.4139854223219,-5.15914749062081,6.57208772609588,7,1,113.400709791224
2,2,192.815825722654,137.681441970269,8,-101.400572771604,-5.95000000000002,-19.6695428927953,0,2,50.3705450064271
2,3,157.52318462461,91.3258545226416,1,-73.3056335687158,-5.95000000000196,-13.8751764615112,0,2,63.6514230351072
2,4,53.534466934392,178.493632008945,3,-61.1234141658426,-5.15610256085468,6.86265898257512,7,2,103.294414828165
2,5,70.0093013517853,190.60495859699,3,-61.8746640276627,-5.15855063408058,6.11140912075502,7,2,92.7336213726863
2,6,115.861418539042,94.5888232068872,6,-43.7895774297608,-5.96256364503564,15.3304571072047,11,2,69.1960349858581
2,7,56.5553617910473,158.069044582794,3,-51.8427597320172,-5.15659658225812,16.1433134164005,12,2,96.6915709381184
2,8,154.206679516631,55.1079072978196,1,-73.4578218078143,-5.95000000000145,-14.0273647006096,0,2,97.849146189197
2,9,193.175112085804,114.162543737769,1,-83.3450624105873,-5.95000000000028,-19.6695428927953,0,2,60.8330796110888
2,10,78.2039062614366,57.0443658642185,4,-55.7307894346408,-4.35000000000282,10.8959826282722,9,1,37.3809231939618
2.5,1,19.8071660058319,156.927465643459,7,-65.8503324884152,-5.16040972836684,2.13574066000257,4,1,113.566456903139
2.5,2,193.608006396051,137.372289434293,8,-80.628754228675,-5.95,-19.6695428927953,0,2,51.121104213126
2.5,3,157.019447622267,90.0750178235586,1,-75.31546568592,-5.95000000000252,-15.8850085787153,0,2,64.7497191790711
2.5,4,53.332873770944,178.353071643539,3,-58.2507402430984,-5.15532755310915,9.73533290531933,8,2,103.444091010593
2.5,5,69.7103862133011,192.02887035419,3,-58.7604393420366,-5.15749810391594,9.22563380638111,8,2,93.6221022262724
2.5,6,115.538590369903,94.9934679049617,6,-44.1475485301177,-5.96235777552155,15.3304571072047,11,2,69.0330162083032
2.5,7,56.6053380476475,158.031613698172,3,-56.7927992647123,-5.15613846267571,11.1932738837054,9,2,96.6401557314084
2.5,8,154.209324567629,55.1353921893468,1,-70.853815847043,-5.95000000000076,-11.4233587398384,0,2,97.8226059169591
2.5,9,191.884520844373,113.489959383627,1,-73.6900710735487,-5.95000000000008,-14.259613966344,0,2,60.3286511714951
2.5,10,77.0849448317639,57.5264874208306,4,-76.6219733709339,-4.35000000000442,-9.99520130802084,0,1,36.6400361549442
3,1,20.197059470429,157.214564809978,7,-58.902410273545,-5.16286742814099,9.08366287487279,8,1,113.734023808191
3,2,194.400187069449,137.063136898318,8,-94.7322004345283,-5.95,-19.6695428927953,0,2,51.8747437460051
3,3,156.515710619925,88.8241811244756,1,-74.6697451089348,-5.95000000000261,-15.2392880017302,0,2,65.8573101483318
3,4,53.131280607496,178.212511278133,3,-58.8373621012822,-5.15738662962998,9.14871104713558,8,2,103.594133952471
3,5,69.411471074817,193.452782111391,3,-68.6604170187865,-5.16021482163837,-0.674343870368741,3,2,94.524627836057
3,6,115.215762200764,95.3981126030361,6,-48.1155656774307,-5.96187706427133,15.3304571072047,11,2,68.8735022093733
3,7,56.6553143042476,157.99418281355,3,-49.3822427393205,-5.1562767646445,18.6038304090972,13,2,96.5887535197305
3,8,154.211969618627,55.162877080874,1,-64.6011701832398,-5.95000000000138,-5.17071307603509,1,2,97.7960662380939
3,9,190.593929602942,112.817375029485,1,-83.4762457210208,-5.95000000000012,-19.6695428927953,0,2,59.8553650085486
3,10,75.9659834020913,58.0086089774426,4,-74.4671460262111,-4.35000000000317,-7.84037396329809,0,1,35.9252016249214
3.5,1,20.586952935026,157.501663976496,7,-62.6004394046761,-5.16469860983983,5.38563374374165,6,1,113.903402474912
3.5,2,195.192367742846,136.753984362343,8,-101.052928411502,-5.95000000000002,-19.6695428927953,0,2,52.6313312816397
3.5,3,156.011973617582,87.5733444253926,1,-61.3201815297826,-5.95000000000116,-1.88972442257795,3,2,66.973734799615
3.5,4,52.929687444048,178.071950912727,3,-57.4419686045382,-5.15677304379601,10.5441045438795,9,2,103.744542062495
3.5,5,69.1125559363328,194.876693868592,3,-64.9267181535186,-5.15892530431366,3.05935499489916,5,2,95.4407997647137
3.5,6,114.892934031625,95.8027573011106,6,-45.8287628309047,-5.96036418025562,15.3304571072047,11,2,68.7175173960045
3.5,7,56.7052905608477,157.956751928927,3,-53.4499673401091,-5.15532672704874,14.5361058083086,11,2,96.5373643238427
3.5,8,154.214614669625,55.1903619724012,1,-68.9459491140817,-5.9500000000013,-9.51549200687701,0,2,97.7695271530845
3.5,9,189.303338361511,112.144790675343,1,-72.9182791983752,-5.95000000000004,-13.4878220911705,0,2,59.4139653564128
3.5,10,74.8470219724186,58.4907305340547,4,-57.5550331232851,-4.35000000000405,9.07173893962795,8,1,35.238005135078
4,1,20.9768463996231,157.788763143014,7,-60.7206679491123,-5.1562779317139,7.26540519930544,7,1,114.074584832959
4,2,195.984548416244,136.444831826367,8,-85.6034405742196,-5.95000000000001,-19.6695428927953,0,2,53.3907414938333
4,3,155.508236615239,86.3225077263097,1,-71.23204051356,-5.95000000000144,-11.8015834063554,0,2,68.0985586695883
4,4,52.7280942806,177.931390547321,3,-55.2316880470488,-5.1557612871942,12.754385101369,10,2,103.895313754716
4,5,68.8136407978486,196.300605625792,3,-65.767051694168,-5.16409533347575,2.21902145424977,4,2,96.3702288147948
4,6,114.570105862486,96.2074019991851,6,-50.5314155106868,-5.96260639267382,13.6990415965179,10,2,68.5650858547757
4,7,56.7552668174479,157.919321044305,3,-56.1884079248175,-5.15493656700452,11.7976652236002,9,2,96.4859881645419
4,8,154.217259720623,55.2178468639285,1,-72.6826609980259,-5.95000000000702,-13.2522038908212,0,2,97.7429886624146
4,9,188.012747120081,111.472206321202,1,-77.7062277174346,-5.95000000000009,-18.2757706102299,0,2,59.005167819194
4,10,73.7280605427459,58.9728520906668,4,-58.9779757862148,-4.3500000000035,7.64879627669829,7,1,34.5800944440758
4.5,1,21.3667398642202,158.075862309533,7,-61.6476005317194,-5.16179097837078,6.33847261669837,7,1,114.247562774671
4.5,2,196.776729089641,136.135679290392,8,-74.8625341911627,-5.95,-15.432077083958,0,2,54.1528556316706
4.5,3,155.004499612897,85.0716710272267,1,-80.6185792635827,-5.95000000000131,-19.6695428927953,0,2,69.231372365223
4.5,4,52.526501117152,177.790830181914,3,-58.7126764805533,-5.15844906181412,9.27339666786441,8,2,104.046447448553
4.5,5,68.5147256593644,197.724517382993,3,-69.0041689686959,-5.15885773308077,-1.01809582027815,3,2,97.3125351319564
4.5,6,114.247277693347,96.6120466972595,6,-42.3108094601784,-5.96143879707119,15.3304571072047,11,2,68.4162313357895
4.5,7,56.805243074048,157.881890159683,3,-50.123710204672,-5.15506892268487,17.8623629437458,13,2,96.434625062664
4.5,8,154.219904771621,55.2453317554557,1,-67.9289017398655,-5.95000000000172,-8.49844463266082,0,2,97.7164507665685
4.5,9,186.72215587865,110.79962196706,1,-71.0463699281474,-5.95000000000016,-11.6159128209428,0,2,58.6296543593876
4.5,10,72.6090991130732,59.4549736472789,4,-76.4728229062233,-4.35000000000329,-9.8460508433103,0,1,33.9531720075681
5,1,21.7566333288172,158.362961476051,7,-65.9076552447479,-5.15450843352124,2.07841790366985,4,1,114.422328156628
5,2,197.568909763039,135.826526754416,8,-73.5788177033826,-5.95,-14.1483605961779,0,2,54.9175611247204
5,3,154.500762610554,83.8208343281437,1,-75.9107147067228,-5.95000000000177,-16.4802575995181,0,2,70.371790037625
5,4,52.324907953704,177.650269816508,3,-63.3862995727696,-5.15553262711288,4.59977357564819,6,2,104.197941568815
5,5,68.2158105208802,199.148429140194,3,-62.5200766360047,-5.15285873004835,5.46599651241304,6,2,98.2673482684111
5,6,113.924449524208,97.016691395334,6,-55.8207294485332,-5.95691588630938,8.40972765867145,8,2,68.2709772365148
5,7,56.8552193306482,157.84445927506,3,-47.106192081317,-5.15774676514922,19.0860731484178,13,2,96.3832750390842
5,8,154.222549822619,55.2728166469829,1,-69.9410812423287,-5.95000000000141,-10.5106241351241,0,2,97.689913466031
5,9,185.431564637219,110.127037612918,1,-86.2937828857893,-5.95000000000156,-19.6695428927953,0,2,58.2880682658386
5,10,71.4901376834005,59.937095203891,4,-60.6832786393827,-4.35000000000415,5.94349342353035,7,1,33.3589849777044
5.5,1,22.1465267934143,158.650060642569,7,-56.7686065508487,-5.15830205795023,11.217466597569,9,1,114.598872801193
5.5,2,198.361090436436,135.517374218441,8,-69.2940607981795,-5.95,-9.86360369097484,0,2,55.6847512136837
5.5,3,153.997025608212,82.5699976290607,1,-68.0484491562636,-5.95000000000131,-8.61799204905889,0,2,71.5194479387081
5.5,4,52.123314790256,177.509709451102,3,-65.7515029567509,-5.15825835059645,2.23457019166688,4,2,104.349794545708
5.5,5,67.916895382396,199.43043529712,3,-62.7680682063105,-5.16012223193372,5.21800494210729,6,2,98.65725516822
5.5,6,113.601621355069,97.4213360934084,6,-47.3022833610687,-5.96260283613871,15.3304571072047,11,2,68.1293465856096
5.5,7,56.9051955872483,157.807028390438,3,-57.140816885354,-5.15619590250422,10.8452562630637,9,2,96.3319381147167
5.5,8,154.225194873617,55.3003015385101,1,-70.4166658504165,-5.9500000000011,-10.9862087432118,0,2,97.6633767612873
5.5,9,184.140973395788,109.454453258776,1,-86.8530991833574,-5.95000000000135,-19.6695428927953,0,2,57.981009175045
5.5,10,70.3711762537279,60.419216760503,4,-71.1477508696802,-4.35000000000937,-4.52097880676719,2,1,32.7993124907031
5.99999999999999,1,22.5364202580114,158.937159809088,7,-60.1413419071627,-5.15573373299249,7.84473124125501,7,1,114.777188498043
5.99999999999999,2,199.153271109834,135.208221682466,8,-69.297369950313,-5.95,-9.86691284310834,0,2,56.4543246048689
5.99999999999999,3,153.493288605869,81.3191609299777,1,-73.6817600224387,-5.95000000000099,-14.251302915234,0,2,72.6740030591834
5.99999999999999,4,51.921721626808,177.369149085696,3,-60.5171002425292,-5.15505679107006,7.46897290588852,7,2,104.502004814857
5.99999999999999,5,67.6179802439118,198.006523539919,3,-60.1016788445733,-5.16006017490669,7.88439430384449,7,2,98.2022071110487
5.99999999999999,6,113.27879318593,97.8259807914829,6,-47.4660059465702,-5.96175282077603,15.3304571072047,11,2,67.9913620267489
5.99999999999999,7,56.9551718438484,157.769597505816,3,-56.293249462556,-5.15692906173369,11.6928236858618,9,2,96.280614310515
5.99999999999999,8,154.227839924615,55.3277864300373,1,-68.2060352557498,-5.95000000000102,-8.7755781485451,0,2,97.6368406528232
5.99999999999999,9,182.850382154357,108.781868904635,1,-78.8243019376459,-5.95000000000024,-19.3938448304412,0,2,57.7090282250709
5.99999999999999,10,69.2522148240552,60.9013383171151,4,-61.0392796080992,-4.3500000000054,5.58749245481382,6,1,32.2759500671285
6.49999999999999,1,22.9263137226084,159.224258975606,7,-60.4240264950733,-5.15844200882701,7.56204665334448,7,1,114.957267005687
6.49999999999999,2,199.945451783231,134.89906914649,8,-90.2046573050177,-5.95,-19.6695428927953,0,2,57.226185146955
6.49999999999999,3,152.989551603526,80.0683242308947,1,-75.1255019793113,-5.95000000000209,-15.6950448721066,0,2,73.8351318456561
6.49999999999999,4,51.7201284633601,177.22858872029,3,-58.4753383816299,-5.15760753847322,9.51073476678782,8,2,104.654570817319
6.49999999999999,5,67.3190651054276,196.582611782718,3,-59.9266236102191,-5.15924573672604,8.05944953819861,7,2,97.7666953289308
6.49999999999999,6,112.955965016791,98.2306254895574,6,-45.5140459095357,-5.96249480079697,15.3304571072047,11,2,67.8570458024788
6.49999999999999,7,57.0051481004486,157.732166621194,3,-57.0913806624196,-5.15385940909034,10.8946924859982,9,2,96.2293036474722
6.49999999999999,8,154.230484975614,55.3552713215646,1,-84.065301093039,-5.95000000000122,-19.6695428927953,0,2,97.6103051411251
6.49999999999999,9,181.559790912926,108.109284550493,1,-58.1458875531002,-5.95000000000016,1.2845695541045,4,2,57.4726234248899
6.49999999999999,10,68.1332533943825,61.3834598737272,4,-63.7121011071893,-4.35000000000518,2.91467095572373,5,1,31.7906910488219
6.99999999999999,1,23.3162071872055,159.511358142124,7,-59.0766488553318,-5.16382866428289,8.90942429308592,8,1,115.139100052974
6.99999999999999,2,199.366255461282,134.589916610515,8,-84.4143143676596,-5.95000000000001,-19.6695428927953,0,2,56.8044703200324
6.99999999999999,3,152.485814601184,78.8174875318117,1,-66.7459654722412,-5.95000000000205,-7.31550836503654,0,2,75.0025289941295
6.99999999999999,4,51.5185352999121,177.088028354884,3,-63.3056204124689,-5.15843236476628,4.68045273594884,6,2,104.807490999593
6.99999999999999,5,67.0201499669434,195.158700025518,3,-66.6696140939032,-5.15742461248831,1.31645905451456,4,2,97.3509820161217
6.99999999999999,6,112.633136847652,98.6352701876318,6,-53.3790089119096,-5.95694601658139,10.8514481952951,9,2,67.7264197381193
6.99999999999999,7,57.0551243570487,157.694735736571,3,-47.960853552437,-5.15698722776751,19.0860731484178,13,2,96.1780061466204
6.99999999999999,8,154.233130026612,55.3827562130918,1,-77.2050371917558,-5.95000000000075,-17.7745800845511,0,2,97.5837702266797
6.99999999999999,9,180.269199671496,107.436700196351,1,-81.1998763643147,-5.95000000000056,-19.6695428927953,0,2,57.2722353233061
6.99999999999999,10,67.0142919647098,61.8655814303393,4,-60.375386234362,-4.35000000000758,6.25138582855101,7,1,31.3453051307592
7.49999999999999,1,23.7061006518025,159.798457308643,7,-68.610064521505,-5.16076389040189,-0.623991373087247,3,1,115.322679340583
7.49999999999999,2,198.574074787884,134.280764074539,8,-86.8502723426622,-5.95,-19.6695428927953,0,2,56.2030703750185
7.49999999999999,3,151.982077598841,77.5666508327287,1,-73.8830733674936,-5.95000000000243,-14.452616260289,0,2,76.1759063168642
7.49999999999999,4,51.3169421364641,176.947467989478,3,-61.1145357159353,-5.15788063198255,6.87153743248247,7,2,104.960763813636
7.49999999999999,5,66.7212348284592,193.734788268317,3,-60.332838118144,-5.15641839207687,7.65323503027377,7,2,96.9553218414088
7.49999999999999,6,112.310308678513,99.0399148857063,6,-40.5,-5.96210817819919,15.3304571072047,11,2,67.5995052257415
7.49999999999999,7,57.1051006136489,157.657304851949,3,-55.3014091157617,-5.15644797235383,12.6846640326561,10,2,96.1267218290314
7.49999999999999,8,154.23577507761,55.410241104619,1,-75.0134979296531,-5.95000000000129,-15.5830408224485,0,2,97.5572359099744
7.49999999999999,9,178.978608430065,106.764115842209,1,-64.3888249971381,-5.95000000000012,-4.95836788993342,1,2,57.1082430604278
7.49999999999999,10,65.8953305350371,62.3477029869514,4,-63.5411529967028,-4.35000000000517,3.08561906621025,5,1,30.9415142142729
7.99999999999999,1,24.0959941163996,160.085556475161,7,-61.099610114599,-5.15998142971033,6.88646303381877,7,1,115.507996542506
7.99999999999999,2,197.781894114487,133.971611538564,8,-85.5844338174804,-5.95,-19.6695428927953,0,2,55.6081706392032
7.99999999999999,3,151.478340596499,76.3158141336457,1,-81.6534517460714,-5.95000000000177,-19.6695428927953,0,2,77.3549916793138
7.99999999999999,4,51.1153489730161,176.806907624072,3,-53.2845144176783,-5.15771597010545,14.7015587307395,11,2,105.114387716877
7.99999999999999,5,66.4223196899751,192.310876511117,3,-59.3786761556043,-5.15132922043286,8.60739699281344,8,2,96.5799612608314
7.99999999999999,6,111.987480509374,99.4445595837808,6,-47.6830221698431,-5.96163799106512,15.3304571072047,11,2,67.476323208242
7.99999999999999,7,57.155076870249,157.619873967327,3,-56.3699731743348,-5.15684300461985,11.6160999740829,9,2,96.0754507158167
7.99999999999999,8,154.238420128608,55.4377259961462,1,-79.050532744768,-5.95000000000164,-19.6200756375634,0,2,97.5307021914971
7.99999999999999,9,177.688017188634,106.091531488068,1,-63.1143935709175,-5.95000000000111,-3.68393646371287,2,2,56.9809608808191
7.99999999999999,10,64.7763691053645,62.8298245435634,4,-62.8103724957049,-4.35000000000663,3.81639956720811,5,1,30.5809660043072
8.49999999999999,1,24.4858875809967,160.37265564168,7,-66.1049602966178,-5.16370324443003,1.8811128517999,4,1,115.695043307509
8.49999999999999,2,196.989713441089,133.662459002588,8,-83.3154958941155,-5.95,-19.6695428927953,0,2,55.0199819621726
8.49999999999999,3,150.974603594156,75.0649774345627,1,-59.6399644339108,-5.9500000000014,-0.209507326706134,3,2,78.5395280037278
8.49999999999999,4,50.9137558095681,176.666347258666,3,-61.6989796958302,-5.15759144848076,6.28709345258757,7,2,105.268361172223
8.49999999999999,5,66.1234045514909,190.886964753916,3,-60.5716375436356,-5.15623888028673,7.41443560478217,7,2,96.2251378321737
8.49999999999999,6,111.664652340235,99.8492042818552,6,-45.1321269611905,-5.96215620230156,15.3304571072047,11,2,67.3568941635388
8.49999999999999,7,57.2050531268491,157.582443082704,3,-51.8915194317563,-5.15561668100819,16.0945537166615,12,2,96.0241928281271
8.49999999999999,8,154.241065179606,55.4652108876735,1,-82.9706537742356,-5.95000000000099,-19.6695428927953,0,2,97.5041690717362
8.49999999999999,9,176.397425947203,105.418947133926,1,-71.8179199618268,-5.95000000000024,-12.3874628546221,0,2,56.8906351808956
8.49999999999999,10,63.6574076756918,63.3119461001755,4,-67.8344277110131,-4.35000000003176,-1.2076556481001,3,1,30.2652059863141
8.99999999999998,1,24.8757810455937,160.659754808198,7,-60.6056706799369,-5.15665699737901,7.38040246848083,7,1,115.883811260587
8.99999999999998,2,196.197532767692,133.353306466613,8,-96.6988160590279,-5.95000000000002,-19.6695428927953,0,2,54.4387218753019
8.99999999999998,3,150.470866591813,73.8141407354797,1,-68.9080532263416,-5.95000000000168,-9.47759611913689,0,2,79.7292723359531
8.99999999999998,4,50.7121626461201,176.52578689326,3,-54.8918531913264,-5.15702733660846,13.0942199570914,10,2,105.422682648077
8.99999999999998,5,65.8244894130067,189.463052996715,3,-66.684982000533,-5.15932278458922,1.30109114788474,4,2,95.8910795350776
8.99999999999998,6,111.341824171096,100.25384897993,6,-53.2700425025996,-5.9567482864134,10.9604146046051,9,2,67.2412380889148
8.99999999999998,7,57.2550293834493,157.545012198082,3,-56.0107427081876,-5.1575611875014,11.9753304402301,9,2,95.9729481871536
8.99999999999998,8,154.243710230604,55.4926957792007,1,-78.735936995439,-5.95000000000123,-19.3054798882343,0,2,97.4776365511805
8.99999999999998,9,175.106834705772,104.746362779784,1,-77.8220811024906,-5.9500000000025,-18.391623995286,0,2,56.8374421539347
8.99999999999998,10,62.5384462460192,63.7940676567876,4,-58.7850370845392,-4.35000000000718,7.84173497837386,7,1,29.9956486308322
9.49999999999998,1,25.2656745101908,160.946853974716,7,-49.439925063445,-5.16414932113199,18.5461480849727,13,1,116.0742920044
9.49999999999998,2,195.405352094294,133.044153930638,8,-96.9732234878254,-5.95000000000001,-19.6695428927953,0,2,53.86461468102
9.49999999999998,3,149.967129589471,72.5633040363967,1,-67.1027975624814,-5.95000000000212,-7.67234045527669,0,2,80.92399497197
9.49999999999998,4,50.5105694826721,176.385226527854,3,-62.4758770082488,-5.15454988776622,5.51019614016896,6,2,105.577350618342
9.49999999999998,5,65.5255742745225,188.039141239515,3,-62.2296337822127,-5.15534722855441,5.75643936620505,6,2,95.5780041007813
9.49999999999998,6,111.018996001957,100.658493678004,6,-50.1995223244778,-5.96212716579679,14.0309347827269,10,2,67.1293744855337
9.49999999999998,7,57.3050056400494,157.50758131346,3,-47.581112713859,-5.15749443413555,19.0860731484178,13,2,95.9217168141265
9.49999999999998,8,154.246355281602,55.5201806707279,1,-70.2057597413868,-5.95000000000187,-10.7753026341821,0,2,97.4511046303195
9.49999999999998,9,173.816243464341,104.073778425642,1,-75.9233658523257,-5.95000000000017,-16.492908745121,0,2,56.8214860844889
9.49999999999998,10,61.4194848163465,64.2761892133997,4,-50.2995091880385,-4.35000000000823,16.3272628748746,12,1,29.7735488635056
9.99999999999998,1,25.6555679747879,161.233953141235,7,-64.0363758261998,-5.15939466171984,3.94969732221796,5,1,116.266477120693
9.99999999999998,2,194.613171420897,132.735001394662,8,-82.7066616904942,-5.95,-19.6695428927953,0,2,53.2978915255814
9.99999999999998,3,149.463392587128,71.3124673373137,1,-60.6216607771667,-5.95000000000146,-1.19120366996207,3,2,82.1234786407448
9.99999999999998,4,50.3089763192241,176.244666162448,3,-57.9870966600169,-5.15772374519261,9.99897648840084,8,2,105.732363562437
9.99999999999998,5,65.2266591360383,186.615229482314,3,-56.6593117185863,-5.15978226916254,11.3267614298314,9,2,95.2861183556133
9.99999999999998,6,110.696167832818,101.063138376079,6,-44.6202253292697,-5.96189320741761,15.3304571072047,11,2,67.0213223431533
9.99999999999998,7,57.3549818966495,157.470150428837,3,-61.0705850672747,-5.15388900602404,6.91548808114307,7,2,95.8704987303164
9.99999999999998,8,154.2490003326,55.5476655622551,1,-81.038521619285,-5.95000000000074,-19.6695428927953,0,2,97.4245733096432
9.99999999999998,9,172.525652222911,103.401194071501,1,-72.3115995326284,-5.95000000000061,-12.8811424254237,0,2,56.8427983303906
9.99999999999998,10,60.3005233866739,64.7583107700118,4,-63.9962739483619,-4.35000000002048,2.63049811455114,5,1,29.5999749801188
10.5,1,24.8888827405302,160.484094711514,7,-62.5105041634719,-5.16218332541581,5.47556898494583,6,1,115.713237765787
10.5,2,194.418064411581,132.1404784142,8,-74.6019507182186,-5.95000000000002,-15.1714936110139,0,2,53.3308255828189
10.5,3,150.207344661031,72.2538425038482,1,-68.327372621447,-5.95000000000112,-8.89691551424231,0,2,81.2204284476812
10.5,4,50.7683921765544,175.82790846754,3,-59.4810504389134,-5.15780795734597,8.50502270950439,8,2,105.196211181933
10.5,5,65.0490311176268,186.312554652576,3,-60.4025593985798,-5.15633534533606,7.58351374983791,7,2,95.3284781135746
10.5,6,111.103502157404,100.35405315446,6,-40.5,-5.96181580579646,15.3304571072047,11,2,67.3045881245053
10.5,7,56.3289755529721,158.227537390341,3,-54.1092024637704,-5.15487938150349,13.8768706846473,10,2,96.923697785759
10.5,8,154.616222536505,56.4166613589401,1,-71.545068699854,-5.95000000000158,-12.1146115926494,0,2,96.5991758852726
10.5,9,172.573796590314,103.42933369618,1,-77.3546258899051,-5.95000000000068,-17.9241687827004,0,2,56.8388357769812
10.5,10,59.2815570920162,63.7257265047935,4,-74.1699868468676,-4.35000000001801,-7.54321478395451,0,1,28.7540061580425
11,1,24.1221975062725,159.734236281793,7,-61.8642084548679,-5.16205748308381,6.12186469354981,7,1,115.167327286226
11,2,194.222957402266,131.545955433738,8,-75.5773279339609,-5.95,-16.1468708267562,0,2,53.3710757082544
11,3,150.951296734934,73.1952176703826,1,-79.1638408601565,-5.9500000000019,-19.6695428927953,0,2,80.3251489521046
11,4,51.2278080338846,175.411150772633,3,-57.7947813598989,-5.15729451825224,10.1912917885189,8,2,104.660988383354
11,5,64.8714030992153,186.009879822839,3,-63.4024508917625,-5.16180418591536,4.58362225665526,6,2,95.3721104681634
11,6,111.51083648199,99.6449679328407,6,-40.5,-5.96213863233175,15.3304571072047,11,2,67.5965602882333
11,7,55.3029692092947,158.984924351844,3,-54.6569211386205,-5.1554459947024,13.3291520097973,10,2,97.9821744307818
11,8,154.983444740409,57.2856571556251,1,-67.285979245315,-5.95000000000147,-7.85552213811038,0,2,95.7759577897553
11,9,172.621940957718,103.457473320859,1,-78.1194816026528,-5.95000000000096,-18.6890244954482,0,2,56.8349276622483
11,10,58.2625907973585,62.6931422395753,4,-68.8035034886365,-4.35000000001184,-2.17673142572345,3,1,27.9577586118538
11.5,1,23.3555122720148,158.984377852072,7,-63.4928002310198,-5.15540561525653,4.49327291739793,6,1,114.628850391557
11.5,2,194.027850392951,130.951432453276,8,-74.4498876169574,-5.95000000000002,-15.0194305097528,0,2,53.4186253642506
11.5,3,151.695248808837,74.1365928369171,1,-79.4383078238944,-5.95000000000246,-19.6695428927953,0,2,79.437902885937
11.5,4,51.6872238912149,174.994393077726,3,-60.3561997403592,-5.15710378600509,7.6298734080585,7,2,104.126709501165
11.5,5,64.6937750808038,185.707204993101,3,-58.7008818627876,-5.16031543984494,9.28519128563011,8,2,95.4170136735783
11.5,6,111.918170806576,98.9358827112218,6,-46.7360440619541,-5.96228028984936,15.3304571072047,11,2,67.8971265165118
11.5,7,54.2769628656173,159.742311313347,3,-55.848000860911,-5.15518280886745,12.1380722875067,9,2,99.0457594647877
11.5,8,155.350666944314,58.1546529523102,1,-73.8562387166044,-5.9500000000011,-14.4257816093998,0,2,94.9549757045915
11.5,9,172.670085325121,103.485612945538,1,-63.4539296256336,-5.9500000000009,-4.02347251842895,2,2,56.8310739974228
11.5,10,57.2436245027009,61.660557974357,4,-52.1754359451699,-4.35000000000922,14.4513361177432,11,1,27.2155967821665
12,1,22.5888270377571,158.234519422351,7,-62.5005028393569,-5.16363905702707,5.48557030906085,6,1,114.097912328636
12,2,193.832743383635,130.356909472814,8,-89.9507880496381,-5.95000000000002,-19.6695428927953,0,2,53.4734550781493
12,3,152.439200882739,75.0779680034516,1,-76.7546812599339,-5.9500000000021,-17.3242241527293,0,2,78.5589624386561
12,4,52.1466397485452,174.577635382819,3,-55.2557484018148,-5.15693495994136,12.730324746603,10,2,103.593389140001
12,5,64.5161470623922,185.404530163363,3,-64.7260746330751,-5.15617553128512,3.25999851534269,5,2,95.4631859365014
12,6,112.325505131162,98.2267974896029,6,-51.1326331103204,-5.9578823988197,13.0978239968843,10,2,68.2061731942548
12,7,53.2509565219398,160.49969827485,3,-53.1906260591003,-5.15622829506472,14.7954470893175,11,2,100.114290077803
12,8,155.717889148218,59.0236487489952,1,-72.259462878043,-5.95000000000215,-12.8290057708383,0,2,94.1362881319288
12,9,172.718229692524,103.513752570217,1,-66.9473709115345,-5.95000000000025,-7.51691380432979,0,2,56.8272747935818
12,10,56.2246582080432,60.6279737091388,4,-62.1089719792486,-4.35000000001064,4.51780008366445,6,1,26.5320597573785
12.5,1,21.8221418034994,157.48466099263,7,-61.4434599020069,-5.16228972531537,6.54261324641081,7,1,113.574618824994
12.5,2,193.63763637432,129.762386492352,8,-57.2614013535081,-5.95,2.16905575369659,4,2,53.5355424818159
12.5,3,153.183152956642,76.0193431699861,1,-72.1198567575392,-5.95000000000225,-12.6893996503345,0,2,77.6886095109551
12.5,4,52.6060556058754,174.160877687911,3,-58.9170077126867,-5.158117439078,9.06906543573104,8,2,103.061042180331
12.5,5,64.3385190439807,185.101855333625,3,-57.3011290065501,-5.15552724255926,10.6849441418676,9,2,95.5106254164489
12.5,6,112.732839455748,97.5177122679839,6,-44.0941192643516,-5.96189977918407,15.3304571072047,11,2,68.5235855791067
12.5,7,52.2249501782624,161.257085236354,3,-57.8833606457174,-5.15701202259667,10.1027125027004,8,2,101.187609595552
12.5,8,156.085111352123,59.8926445456802,1,-81.1698918671723,-5.95000000000175,-19.6695428927953,0,2,93.319955460442
12.5,9,172.766374059928,103.541892194897,1,-65.209443478396,-5.95000000000032,-5.77898637119131,1,2,56.8235300616493
12.5,10,55.2056919133855,59.5953894439205,4,-51.1718301963703,-4.35000000001876,15.4549418665427,11,1,25.9117874118631
13,1,21.0554565692418,156.734802562909,7,-58.5259443718087,-5.16325788366423,9.46012877660906,8,1,113.059076029119
13,2,193.442529365005,129.16786351189,8,-48.4456767588835,-5.95,10.9847803483212,9,2,53.6048623567726
13,3,153.927105030545,76.9607183365205,1,-82.0152825589446,-5.95000000000372,-19.6695428927953,0,2,76.8271359601412
13,4,53.0654714632057,173.744119993004,3,-58.4380993267184,-5.1533452191696,9.5479738216993,8,2,102.529683784223
13,5,64.1608910255692,184.799180503888,3,-59.3520983517575,-5.16079783207024,8.63397479666021,8,2,95.559330226129
13,6,113.140173780334,96.808627046365,6,-47.8352277163503,-5.95631821100764,15.3304571072047,11,2,68.8492479671104
13,7,51.198943834585,162.014472197857,3,-55.9057230811402,-5.15708917696141,12.0803500672775,9,2,102.265567233525
13,8,156.452333556028,60.7616403423652,1,-82.03776661077,-5.95000000000108,-19.6695428927953,0,2,92.5060400336304
13,9,172.814518427331,103.570031819576,1,-58.4922981005518,-5.95000000000087,0.938159006652891,4,2,56.8198398123951
13,10,54.1867256187279,58.5628051787022,4,-70.5463360455273,-4.3500000000225,-3.91956398261421,2,1,25.3594223896153
13.5,1,20.2887713349841,155.984944133188,7,-63.3810588170439,-5.16407958608471,4.60501433137381,6,1,112.551390447652
13.5,2,193.247422355689,128.573340531428,8,-75.9533043073807,-5.95,-16.522847200176,0,2,53.6813866847115
13.5,3,154.671057104448,77.902093503055,1,-82.42622658928,-5.95000000000461,-19.6695428927953,0,2,75.9748438347539
13.5,4,53.5248873205359,173.327362298097,3,-59.7327376313725,-5.15699801163243,8.25333551704528,8,2,101.999329401237
13.5,5,63.9832630071577,184.49650567415,3,-61.7917342873826,-5.157239467174,6.19433886103519,7,2,95.6092984318077
13.5,6,113.54750810492,96.0995418247461,6,-43.8224113846536,-5.95949914562675,15.3304571072047,11,2,69.1830438537012
13.5,7,50.1729374909075,162.77185915936,3,-52.1663841286589,-5.15555003130891,15.8196890197589,12,2,103.348017859951
13.5,8,156.819555759932,61.6306361390502,1,-74.7451335042575,-5.95000000000122,-15.3146763970528,0,2,91.6946062206048
13.5,9,172.862662794735,103.598171444255,1,-63.0023718670931,-5.95000000000055,-3.57191475988846,2,2,56.8162040564354
13.5,10,53.1677593240702,57.530220913484,4,-71.4217417250373,-4.35000000001196,-4.79496966212422,1,1,24.8794880602698
14,1,19.5220861007264,155.235085703467,7,-57.4159959581703,-5.16541362707813,10.5700771902474,9,1,112.051668879439
14,2,193.052315346374,127.978817550967,8,-90.6702811063213,-5.95000000000001,-19.6695428927953,0,2,53.7650847031534
14,3,155.415009178351,78.8434686695895,1,-77.5903511181862,-5.95000000000144,-18.1598940109815,0,2,75.1320455955867
14,4,53.9843031778662,172.91060460319,3,-58.7014326418399,-5.15724630577923,9.28464050657782,8,2,101.469994774434
14,5,63.8056349887462,184.193830844412,3,-58.9033120251371,-5.15595231282068,9.08276112328064,8,2,95.6605280536834
14,6,113.954842429506,95.3904566031271,6,-48.9323039280203,-5.96212693605139,15.2981531791844,11,2,69.5248560897227
14,7,49.1469311472301,163.529246120863,3,-56.4036450776292,-5.1568924151595,11.5824280707886,9,2,104.434821767552
14,8,157.186777963837,62.4996319357352,1,-69.7936125289441,-5.95000000000154,-10.3631554217394,0,2,90.8857204894328
14,9,172.910807162138,103.626311068934,1,-79.6627033815968,-5.95000000000341,-19.6695428927953,0,2,56.812622804232
14,10,52.1487930294125,56.4976366482657,4,-61.5064033452255,-4.35000000001793,5.12036871768755,6,1,24.4762454942775
14.5,1,18.7554008664687,154.485227273746,7,-59.4963327641467,-5.15474288228459,8.48974038427105,8,1,111.560018346455
14.5,2,192.857208337059,127.384294570505,8,-67.1694869550087,-5.95000000000001,-7.73902984780402,0,2,53.8559229660004
14.5,3,156.158961252254,79.7848438361239,1,-90.9037279811639,-5.95000000000209,-19.6695428927953,0,2,74.2990643199782
14.5,4,54.4437190351964,172.493846908282,3,-58.0124132144976,-5.15631981789037,9.97365993392011,8,2,100.94169594651
14.5,5,63.6280069703347,183.891156014675,3,-61.4900637646348,-5.15370022341226,6.49600938378295,7,2,95.7130170662673
14.5,6,114.362176754093,94.6813713815082,6,-51.2659399507634,-5.95984659367101,12.9645171564413,10,2,69.8745670321982
14.5,7,48.1209248035527,164.286633082367,3,-51.8262921823952,-5.15616766120175,16.1597809660226,12,2,105.525844453923
14.5,8,157.554000167741,63.3686277324202,1,-71.4218253903715,-5.95000000000135,-11.9913682831668,0,2,90.0794514831115
14.5,9,172.958951529542,103.654450693613,1,-63.7509235604287,-5.9500000000009,-4.32046645322408,2,2,56.8090960660928
14.5,10,51.1298267347549,55.4650523830474,4,-75.649665509374,-4.35000000000032,-9.02289344646094,0,1,24.1535360972264
15,1,17.988715632211,153.735368844025,7,-59.3250076740895,-5.15572570203318,8.66106547432821,8,1,111.076546021567
15,2,192.662101327743,126.789771590043,8,-75.891124968653,-5.95,-16.4606678614484,0,2,53.9538654087086
15,3,156.902913326156,80.7262190026584,1,-70.7855745205509,-5.95000000000263,-11.3551174133462,0,2,73.476233885904
15,4,54.9031348925267,172.077089213375,3,-62.2945571690008,-5.15583667560183,5.69151597941694,6,2,100.414449266051
15,5,63.4503789519232,183.588481184937,3,-55.2308155640112,-5.16015134853134,12.7552575844065,10,2,95.766763398773
15,6,114.769511078679,93.9722861598893,6,-50.295164758157,-5.96069496316283,13.9352923490477,10,2,70.2320586896375
15,7,47.0949184598752,165.04402004387,3,-57.4789435009881,-5.15610098187755,10.5071296474296,9,2,106.620956410361
15,8,157.921222371646,64.2376235291052,1,-71.150453018751,-5.95000000000092,-11.7199959115463,0,2,89.2758700982329
15,9,173.007095896945,103.682590318293,1,-78.6827490293709,-5.95000000000163,-19.2522919221663,0,2,56.8056238521712
15,10,50.1108604400972,54.4324681178292,4,-66.2020017058065,-4.3500000000001,0.424770357106592,4,1,23.9146202907918
15.5,1,17.2220303979533,152.985510414304,7,-62.3774639389488,-5.15658680158325,5.608609209469,6,1,110.601359153165
15.5,2,192.466994318428,126.195248609581,8,-99.7057396638947,-5.95000000000001,-19.6695428927953,0,2,54.0588734177941
15.5,3,157.646865400059,81.6675941691929,1,-71.5368075946164,-5.95000000000179,-12.1063504874117,0,2,72.6638991320501
15.5,4,55.362550749857,171.660331518468,3,-54.840455352414,-5.15752564700413,13.1456177960038,10,2,99.8882713939096
15.5,5,63.2727509335117,183.285806355199,3,-61.6811929392991,-5.15275406859252,6.30488020911861,7,2,95.821764935512
15.5,6,115.176845403265,93.2632009382703,6,-40.5,-5.96243627081408,15.3304571072047,11,2,70.5972128616932
15.5,7,46.0689121161978,165.801407005373,3,-54.348839481777,-5.1559234562032,13.6372336666408,10,2,107.720032918952
15.5,8,158.28844457555,65.1066193257902,1,-72.6999940390303,-5.95000000000175,-13.2695369318257,0,2,88.4750495664075
15.5,9,173.055240264349,103.710729942972,1,-69.4201577211587,-5.95000000000018,-9.98970061395405,0,2,56.802206172466
15.5,10,49.0918941454395,53.3998838526109,4,-55.9190197484143,-4.3500000000008,10.7077523144987,9,1,23.7620257228699
16,1,16.4553451636957,152.235651984583,7,-57.6501008385079,-5.16245318235548,10.3359723099098,9,1,110.134564986654
16,2,192.271887309113,125.600725629119,8,-91.062585842508,-5.95000000000002,-19.6695428927953,0,2,54.1709059043679
16,3,158.390817473962,82.6089693357274,1,-70.4068748445776,-5.95000000000231,-10.9764177373729,0,2,71.8624159896833
16,4,55.8219666071872,171.243573823561,3,-55.8869466065037,-5.15498370030314,12.099126541914,9,2,99.3631793097163
16,5,63.0951229151002,182.983131525462,3,-63.0055250681196,-5.15764016873162,4.98054808029812,6,2,95.8780195162971
16,6,115.584179727851,92.5541157166514,6,-44.647946850418,-5.96179976328054,15.3304571072047,11,2,70.969911273023
16,7,45.0429057725204,166.558793966876,3,-53.101011400952,-5.15669770884812,14.8850617474658,11,2,108.822953857693
16,8,158.655666779455,65.9756151224753,1,-79.720248131544,-5.95000000000185,-19.6695428927953,0,2,87.6770655385054
16,9,173.103384631752,103.738869567651,1,-72.8295125150178,-5.95000000000172,-13.3990554078131,0,2,56.7988430368216
16,10,48.0729278507819,52.3672995873927,4,-66.9201444495934,-4.35000000000005,-0.293372386680363,3,1,23.6974199946906
16.5,1,15.688659929438,151.485793554862,7,-59.7815808662148,-5.1602407890358,8.20449228220292,8,1,109.67627068285
16.5,2,192.076780299797,125.006202648657,6,-70.7923463029334,-5.95014863350647,-6.56188919572874,1,2,54.2899193813864
16.5,3,159.134769547865,83.5503445022618,1,-60.8739850866436,-5.95000000000078,-1.44352797943897,3,2,71.0721515817601
16.5,4,56.2813824645175,170.826816128653,3,-57.9536038008277,-5.15719409275824,10.0324693475901,8,2,98.8391903185108
16.5,5,62.9174948966887,182.680456695724,3,-59.6207977438075,-5.1599489899281,8.36527540461026,8,2,95.9355249368519
16.5,6,115.991514052437,91.8450304950325,6,-47.9294189216779,-5.9610563536173,15.3304571072047,11,2,71.3500357012476
16.5,7,44.016899428843,167.31618092838,3,-59.7912617124381,-5.15422927627629,8.19481143597965,8,2,109.929603513432
16.5,8,159.02288898336,66.8446109191603,1,-81.6916525131347,-5.95000000000102,-19.6695428927953,0,2,86.8819961717723
16.5,9,173.151528999156,103.76700919233,1,-76.0199390253156,-5.95000000000174,-16.5894819181109,0,2,56.7955344549273
16.5,10,47.0539615561242,51.3347153221744,4,-70.5031083892243,-4.35000000000018,-3.87633632631122,2,1,23.7215220317761
17,1,14.9219746951803,150.735935125141,7,-63.6512727719561,-5.15823238411787,4.33480037646167,6,1,109.226583233305
17,2,191.881673290482,124.411679668195,6,-68.3818563482561,-5.95002656868738,-4.1513992410514,2,2,54.4158680442917
17,3,159.878721621768,84.4917196687963,1,-66.4748496895348,-5.95000000000127,-7.04439258233011,0,2,70.2934842843343
17,4,56.7407983218477,170.410058433746,3,-56.5639242929579,-5.15551437525117,11.4221488554598,9,2,98.3163220575059
17,5,62.7398668782771,182.377781865986,3,-63.0301453703021,-5.15620149175214,4.95592777811568,6,2,95.9942789492279
17,6,116.398848377023,91.1359452734135,6,-43.8741751205365,-5.96150398659092,15.3304571072047,11,2,71.737468098929
17,7,42.9908930851655,168.073567889883,3,-52.9674233415184,-5.15580735291322,15.0186498068994,11,2,111.039870402395
17,8,159.390111187264,67.7136067158454,1,-68.9122169273429,-5.95000000000128,-9.48175982013821,0,2,86.0899222198728
17,9,173.199673366559,103.795148817009,1,-79.9116107920465,-5.95000000000304,-19.6695428927953,0,2,56.7922804363176
17,10,46.0349952614665,50.3021310569561,4,-60.7155977306975,-4.35000000000002,5.91117433221551,7,1,23.8340627202366
17.5,1,14.1552894609226,149.98607669542,7,-58.7059044853692,-5.16683702188239,9.28016866304856,8,1,108.785609372622
17.5,2,191.686566281167,123.817156687733,6,-62.0540474790489,-5.95001306304968,2.17640962815576,4,2,54.5487038547099
17.5,3,160.62267369567,85.4330948353308,1,-64.690410143539,-5.95000000000141,-5.25995303633434,1,2,69.5268037449449
17.5,4,57.200214179178,169.993300738839,3,-64.4095088934826,-5.15452002984116,3.57656425493517,5,2,97.794592502981
17.5,5,62.5622388598656,182.075107036249,3,-57.7086172913874,-5.16047926205598,10.2774558570304,8,2,96.0542792622275
17.5,6,116.806182701609,90.4268600517946,6,-49.1208970991263,-5.96182038883504,15.1095600080784,11,2,72.1320907095269
17.5,7,41.9648867414881,168.830954851386,7,-60.7148472179847,-5.15651051939669,7.27122593043308,7,2,112.153647098052
17.5,8,159.757333391169,68.5826025125304,1,-76.1326237144683,-5.95000000000083,-16.7021666072636,0,2,85.3009271259055
17.5,9,173.247817733963,103.823288441689,1,-79.2790454869893,-5.95000000000189,-19.6695428927953,0,2,56.7890809903721
17.5,10,45.0160289668089,49.2695467917379,4,-75.9647182313373,-4.35000000000054,-9.33794616842424,0,1,24.0337997234967
18,1,13.3886042266649,149.236218265699,7,-63.0025832907912,-5.15759915022436,4.98348985762651,6,1,108.353455487812
18,2,191.491459271851,123.222633707271,6,-76.1426921320171,-5.95009396079011,-11.9122350248124,0,2,54.6883766268729
18,3,161.366625769573,86.3744700018652,1,-75.9970213922436,-5.95000000000146,-16.5665642850389,0,2,68.7725108522953
18,4,57.6596300365082,169.576543043932,3,-54.3886522689001,-5.15849763884982,13.5974208795177,10,2,97.2740199773066
18,5,62.3846108414541,181.772432206511,3,-51.6667638354658,-5.16087295739549,16.3193093129519,12,2,96.1155235418336
18,6,117.213517026195,89.7177748301757,6,-53.731102235114,-5.96181087252024,10.4993548720906,9,2,72.5337861773188
18,7,40.9388803978107,169.588341812889,7,-61.7564592214502,-5.1566456414348,6.22961392696755,7,2,113.270830066093
18,8,160.124555595073,69.4515983092155,1,-70.4151462353741,-5.9500000000018,-10.9846891281694,0,2,84.5150971184304
18,9,173.295962101366,103.851428066368,1,-72.2774503408226,-5.95000000000124,-12.8469932336179,0,2,56.7859361263149
18,10,43.9970626721512,48.2369625265196,4,-77.6309391035515,-4.35000000000002,-11.0041670406385,0,1,24.3185846153714
18.5,1,12.6219189924073,148.486359835978,7,-57.9294549729839,-5.15869480015293,10.0566181754339,8,1,107.930227524785
18.5,2,191.296352262536,122.628110726809,6,-61.4453243603933,-5.95005488636439,2.78513274681134,5,2,54.8348341164201
18.5,3,162.110577843476,87.3158451683997,1,-68.5525310232919,-5.95000000000162,-9.12207391608719,0,2,68.0310176511783
18.5,4,58.1190458938385,169.159785349025,3,-51.3653956003054,-5.15510819141769,16.6206775481123,12,2,96.7546231561017
18.5,5,62.2069828230426,181.469757376773,3,-56.1953668500483,-5.15847797265817,11.7907062983694,9,2,96.1780094116451
18.5,6,117.620851350781,89.0086896085567,6,-46.4924375623894,-5.96263361368383,15.3304571072047,11,2,72.9424376512986
18.5,7,39.9128740541332,170.345728774393,7,-54.965300419329,-5.1560875945882,13.0207727290887,10,2,114.391319506256
18.5,8,160.491777798978,70.3205941059005,1,-80.8161652457504,-5.95000000000179,-19.6695428927953,0,2,83.7325213105385
18.5,9,173.34410646877,103.879567691047,1,-69.2484393036702,-5.95000000000146,-9.81798219646557,0,2,56.782845853215
18.5,10,42.9780963774935,47.2043782613014,4,-67.7184498127663,-4.35000000000008,-1.09167774985322,3,1,24.6854740969189
19,1,11.8552337581496,147.736501406257,7,-56.5307050265512,-5.16232084482427,11.4553681218665,9,1,107.516030892052
19,2,191.101245253221,122.033587746347,6,-55.389428273299,-5.95000318691636,8.84102883390567,8,2,54.9880221112442
19,3,162.854529917379,88.2572203349342,1,-75.909255327474,-5.95000000000181,-16.4787982202693,0,2,67.3027471962747
19,4,58.5784617511688,168.743027654117,3,-54.3980794931827,-5.15634730557749,13.587993655235,10,2,96.2364210755238
19,5,62.0293548046311,181.167082547035,3,-58.7315960044386,-5.15869803811093,9.25447714397911,8,2,96.2417344533192
19,6,118.028185675367,88.2996043869378,6,-44.5150834596223,-5.96219367961807,15.3304571072047,11,2,73.3579288830947
19,7,38.8868677104558,171.103115735896,7,-60.2838178098587,-5.15288975846997,7.70225533855907,7,2,115.515019200779
19,8,160.859000002883,71.1895899025855,1,-73.488685356899,-5.95000000000063,-14.0582282496943,0,2,82.9532918019849
19,9,173.392250836173,103.907707315726,1,-69.9674391082884,-5.95000000000314,-10.5369820010837,0,2,56.7798101799857
19,10,41.9591300828359,46.1717939960831,4,-92.4647253024891,-4.35000000000007,-12.473227937087,0,1,25.1308724526862
19.5,1,11.0885485238919,146.986642976536,7,-66.7966376437251,-5.1671053707238,1.18943550469264,4,1,107.11097036175
19.5,2,190.906138243905,121.439064765885,6,-63.1511440214336,-5.95001167432303,1.07931308577107,4,2,55.1478845240397
19.5,3,163.598481991282,89.1985955014686,1,-66.2883583907778,-5.950000000001,-6.85790128357312,0,2,66.588133338165
19.5,4,59.037877608499,168.32626995921,3,-58.7136946128395,-5.15441588261151,9.27237853557829,8,2,95.7194331396935
19.5,5,61.8517267862196,180.864407717298,3,-63.535173998005,-5.15924581901582,4.45089915041277,6,2,96.306696207018
19.5,6,118.435519999953,87.5905191653189,6,-44.8578871394047,-5.95832318911967,15.3304571072047,11,2,73.7801443189682
19.5,7,37.8608613667784,171.860502697399,7,-57.1123418657995,-5.1563002792386,10.8737312826183,9,2,116.64183636922
19.5,8,161.226222206787,72.0585856992706,1,-76.6323997510994,-5.95000000000074,-17.2019426438947,0,2,82.1775037843941
19.5,9,173.440395203576,103.935846940405,1,-70.6790287634685,-5.9500000000013,-11.2485716562638,0,2,56.7768291153849
19.5,10,40.9401637881782,45.1392097308648,4,-74.4790162030019,-4.35000000000006,-7.85224414008882,0,1,25.6506903264913
20,1,10.3218632896342,146.236784546815,7,-63.4852239469245,-5.16483827733118,4.5008492014932,6,1,106.715149968112
20,2,190.71103123459,120.844541785423,6,-59.0643743647283,-5.95000850912138,5.16608274247639,6,2,55.3143634862204
20,3,164.342434065185,90.1399706680031,1,-66.1049036198003,-5.95000000000142,-6.67444651259563,1,2,65.887620434659
20,4,59.4972934658293,167.909512264303,3,-58.9057655792454,-5.15840805658971,9.08030756917234,8,2,95.2036791282535
20,5,61.6740987678081,180.56173288756,3,-63.0140918519373,-5.1599814166442,4.97198129648044,6,2,96.3728921718628
20,6,118.84285432454,86.8814339436999,6,-45.6530579904661,-5.96241262946651,15.3304571072047,11,2,74.2089691859777
20,7,36.8348550231009,172.617889658902,7,-57.4438087575861,-5.15575634509689,10.5422643908317,9,2,117.77168152941
20,8,161.593444410692,72.9275814959556,1,-78.6885274644214,-5.95000000000278,-19.2580703572168,0,2,81.4052556495363
20,9,173.48853957098,103.963986565084,1,-66.9303984066803,-5.95000000000033,-7.49994129947559,0,2,56.7739026680148
20,10,39.9211974935205,44.1066254656466,4,-87.0382852712526,-4.35000000000005,-12.473227937087,0,1,26.2405053946524
20.5,1,9.49165348121753,146.809809902938,7,-62.8880569261298,-5.16685472289823,5.09801622228797,6,1,107.542156530027
20.5,2,192.027938110541,121.394179748685,6,-63.9288271270253,-5.95007167648301,0.301629980179339,4,2,56.0079506326916
20.5,3,163.725120518064,90.2585962718462,1,-73.4345952687785,-5.95000000000233,-14.0041381615739,0,2,65.6480331209218
20.5,4,59.0138746095469,168.339024260971,3,-56.914353621438,-5.15705754790375,11.0717195269798,9,2,95.7446856196821
20.5,5,61.5776031268498,180.587618769735,3,-63.3128374682668,-5.15665762381072,4.67323568015093,6,2,96.4695428142766
20.5,6,118.824817199596,86.5343535784687,6,-53.8179783974593,-5.96091057140658,10.4124787097453,9,2,74.5119473530348
20.5,7,36.352313106053,172.689010576072,7,-59.824676321224,-5.1561548174919,8.16139682719372,8,2,118.249050470884
20.5,8,162.569705710259,73.131743785367,1,-70.9866382384396,-5.95000000000115,-11.5561811312349,0,2,81.3570913634515
20.5,9,173.40246477824,103.986136804404,1,-76.5873642761732,-5.95000000000132,-17.1569071689686,0,2,56.7203752092646
20.5,10,40.331014082252,43.8030599074864,4,-69.0888766531492,-4.35,-2.4621045902362,2,1,26.1560959469836
21,1,8.66144367280085,147.382835259061,7,-62.5099296897757,-5.16263115249487,5.47614345864206,6,1,108.372242028623
21,2,193.344844986491,121.943817711946,6,-66.7050197915856,-5.95004840746414,-2.47456268438097,2,2,56.728960430132
21,3,163.107806970943,90.3772218756893,1,-76.4216451145426,-5.95000000000108,-16.991188007338,0,2,65.4136092479867
21,4,58.5304557532645,168.76853625764,3,-58.5631376557688,-5.15660510570151,9.42293549264891,8,2,96.2869953729986
21,5,61.4811074858915,180.61350465191,3,-61.7741997367143,-5.15933510532309,6.21187341170341,7,2,96.5662000857279
21,6,118.806780074653,86.1872732132375,6,-51.605220881647,-5.96202427255753,12.6252362255577,10,2,74.8153130667318
21,7,35.8697711890051,172.760131493241,7,-57.2549278738501,-5.1560952387797,10.7311452745676,9,2,118.726503839874
21,8,163.545967009827,73.3359060747784,1,-68.9356091200378,-5.95000000000129,-9.50515201283308,0,2,81.3211320605322
21,9,173.3163899855,104.008287043724,1,-71.4885351410117,-5.95000000000097,-12.058078033807,0,2,56.6669365909999
21,10,40.7408306709835,43.4994943493262,4,-66.422422991344,-4.35000000000004,0.204349071569039,4,1,26.0813878154105
21.5,1,7.83123386438417,147.955860615184,7,-70.4091414979136,-5.15668509835768,-2.42306834949586,2,1,109.205336253599
21.5,2,194.661751862442,122.493455675208,6,-70.6661374806623,-5.95011791049235,-6.4356803734576,1,2,57.4763608809232
21.5,3,162.490493423823,90.4958474795324,1,-71.3933967987265,-5.95000000000258,-11.9629396915218,0,2,65.1844045240089
21.5,4,58.0470368969821,169.198048254308,3,-55.185418765393,-5.15820519227722,12.8006543830248,10,2,96.8305864910449
21.5,5,61.3846118449331,180.639390534086,3,-59.6455595145655,-5.15292379087251,8.34051363385226,8,2,96.6628639663308
21.5,6,118.788742949709,85.8401928480063,6,-40.5,-5.96276808196067,15.3304571072047,11,2,75.119061631788
21.5,7,35.3872292719572,172.831252410411,7,-56.7599021347462,-5.15589734651113,11.2261710136715,9,2,119.204040621897
21.5,8,164.522228309394,73.5400683641897,1,-77.8325429790849,-5.95000000000075,-18.4020858718802,0,2,81.2973939362323
21.5,9,173.230315192761,104.030437283044,1,-71.2745590820273,-5.95000000000161,-11.8441019748227,0,2,56.613587064795
21.5,10,41.1506472597149,43.1959287911661,4,-85.2449371527236,-4.35000000000004,-12.473227937087,0,1,26.0164645741283
22,1,7.00102405596749,148.528885971307,7,-58.9857837019104,-5.16381832022041,9.0002894465073,8,1,110.041370870152
22,2,195.978658738393,123.043093638469,6,-73.5174943309196,-5.95009253409398,-9.28703722371498,0,2,58.2491361306408
22,3,161.873179876702,90.6144730833755,1,-72.0291734226651,-5.95000000000178,-12.5987163154605,0,2,64.9604741943103
22,4,57.5636180406997,169.627560250977,3,-55.2895916349264,-5.15870715083655,12.6964815134913,10,2,97.3754375144542
22,5,61.2881162039748,180.665276416261,3,-56.0972477613512,-5.15918432688932,11.8888253870666,9,2,96.7595344362774
22,6,118.770705824765,85.4931124827751,6,-47.1494377966708,-5.96220608697531,15.3304571072047,11,2,75.423188422681
22,7,34.9046873549092,172.90237332758,7,-56.8307037909271,-5.15594941311064,11.1553693574906,9,2,119.681659818483
22,8,165.498489608961,73.7442306536011,1,-66.7125626282981,-5.95000000000088,-7.28210552109339,0,2,81.2858876974981
22,9,173.144240400021,104.052587522364,1,-81.9259009400425,-5.95000000000291,-19.6695428927953,0,2,56.5603268827537
22,10,41.5604638484464,42.8923632330059,4,-85.5492751596142,-4.35000000000002,-12.473227937087,0,1,25.9613996322407
22.5,1,6.17081424755082,149.101911327431,7,-65.4366159149472,-5.16069826559171,2.54945723347055,5,1,110.880279366859
22.5,2,197.295565614344,123.592731601731,1,-73.723970546929,-5.95,-14.2935134397243,0,2,59.0462899007118
22.5,3,161.255866329581,90.7330986872185,1,-77.7154935322037,-5.95000000000213,-18.285036424999,0,2,64.7418729884175
22.5,4,57.0801991844173,170.057072247645,3,-59.6415572529253,-5.15780702890708,8.34451589549242,8,2,97.9215274122847
22.5,5,61.1916205630165,180.691162298436,3,-57.6647923617899,-5.15861921448582,10.3212807866279,9,2,96.8562114758376
22.5,6,118.752668699822,85.1460321175439,6,-45.8171322734285,-5.96202327919116,15.3304571072047,11,2,75.7276888824803
22.5,7,34.4221454378613,172.97349424475,7,-57.4143339245569,-5.15548301785724,10.5717392238608,9,2,120.159360446868
22.5,8,166.474750908529,73.9483929430125,1,-58.637186005559,-5.95000000000145,0.79327110164564,4,2,81.2866185386531
22.5,9,173.058165607281,104.074737761684,1,-79.7484723306471,-5.95000000000301,-19.6695428927953,0,2,56.5071562975069
22.5,10,41.9702804371779,42.5887976748457,4,-98.628027879521,-4.35000000000001,-12.473227937087,0,1,25.9162558283781
23.0000000000001,1,5.34060443913414,149.674936683554,7,-60.8847526930065,-5.15827274369972,7.1013204554112,7,1,111.721997004763
23.0000000000001,2,198.612472490294,124.142369564992,1,-64.8518999033764,-5.95,-5.42144279617172,1,2,59.8668483664627
23.0000000000001,3,160.638552782461,90.8517242910616,1,-72.0426595862652,-5.95000000000109,-12.6122024790605,0,2,64.5286550661471
23.0000000000001,4,56.5967803281349,170.486584244314,3,-53.2295877205327,-5.15833000856435,14.756485427885,11,2,98.4688355728352
23.0000000000001,5,61.0951249220582,180.717048180611,3,-56.388588080403,-5.15968566199206,11.5974850680147,9,2,96.9528950653585
23.0000000000001,6,118.734631574878,84.7989517523127,6,-51.04032521037,-5.9585726648941,13.1901318968346,10,2,76.0325585217007
23.0000000000001,7,33.9396035208134,173.044615161919,7,-61.2749122466641,-5.15509038777617,6.71116090175362,7,2,120.637141539689
23.0000000000001,8,167.451012208096,74.1525552324239,1,-76.2975799361003,-5.95000000000099,-16.8671228288956,0,2,81.2995861296823
23.0000000000001,9,172.972090814541,104.096888001004,1,-80.6903477026354,-5.95000000000075,-19.6695428927953,0,2,56.4540755622115
23.0000000000001,10,42.3800970259093,42.2852321166856,4,-62.1145867405411,-4.35,4.5121853223719,6,1,25.881085078257
23.5000000000001,1,4.51039463071746,150.247962039677,7,-62.1507452674011,-5.16328421936987,5.83532788101661,6,1,112.566460767679
23.5000000000001,2,199.929379366245,124.692007528254,1,-91.964874840729,-5.95000000000001,-19.6695428927953,0,2,60.7098625171261
23.5000000000001,3,160.02123923534,90.9703498949047,1,-59.3025182806468,-5.95000000000073,0.127938826557832,3,2,64.3208739628271
23.5000000000001,4,56.1133614718525,170.916096240982,3,-65.9801319026566,-5.15522636890848,2.00594124576111,4,2,99.0173417946425
23.5000000000001,5,60.9986292810999,180.742934062786,3,-64.2682120461119,-5.15543749896972,3.71786110230589,5,2,97.0495851852646
23.5000000000001,6,118.716594449935,84.4518713870815,6,-46.5051861754775,-5.96244340752376,15.3304571072047,11,2,76.3377929171753
23.5000000000001,7,33.4570616037655,173.115736079089,7,-56.0029071623669,-5.1548738019286,11.9831659860509,9,2,121.115002144683
23.5000000000001,8,168.427273507663,74.3567175218352,1,-82.5010718208749,-5.95000000000108,-19.6695428927953,0,2,81.3247846169768
23.5000000000001,9,172.886016021802,104.119038240324,1,-65.3559802520127,-5.95000000000082,-5.92552314480806,1,2,56.401084930549
23.5000000000001,10,42.7899136146408,41.9816665585254,4,-84.1714353070411,-4.35000000000001,-12.473227937087,0,1,25.8559280797076
24.0000000000001,1,3.68018482230079,150.8209873958,7,-66.0317790062852,-5.15566309434564,1.95429414213254,4,1,113.413609313698
24.0000000000001,2,198.946474499239,125.241645491515,8,-61.0100884366599,-5.95,-1.57963132945526,3,2,59.6739766051542
24.0000000000001,3,159.403925688219,91.0889754987478,1,-57.8156296208829,-5.95000000000132,1.61482748632174,4,2,64.1185825337451
24.0000000000001,4,55.6299426155701,171.34560823765,3,-51.7439520135589,-5.1563381303199,16.2421211348588,12,2,99.567026277658
24.0000000000001,5,60.9021336401416,180.768819944962,3,-57.2776358643132,-5.15730388536703,10.7084372841045,9,2,97.1462818160564
24.0000000000001,6,118.698557324991,84.1047910218503,6,-44.6915088505185,-5.96122490911891,15.3304571072047,11,2,76.6433877109491
24.0000000000001,7,32.9745196867175,173.186856996258,7,-60.817000801305,-5.15439882372215,7.16907234711276,7,2,121.592941324402
24.0000000000001,8,169.403534807231,74.5608798112466,1,-57.9678774048877,-5.95000000000042,1.46257970231697,4,2,81.3622026365351
24.0000000000001,9,172.799941229062,104.141188479644,1,-80.8525415590402,-5.95000000000071,-19.6695428927953,0,2,56.3481846567234
24.0000000000001,10,43.1997302033723,41.6781010003652,4,-73.8996032393555,-4.35,-7.2728311764425,0,1,25.840814079031
24.5000000000001,1,2.84997501388411,151.394012751923,7,-62.1960617645089,-5.16587987484827,5.79001138390881,6,1,114.263382927902
24.5000000000001,2,197.629567623289,125.791283454777,8,-89.5664659443345,-5.95000000000001,-19.6695428927953,0,2,58.3685503396169
24.5000000000001,3,158.786612141099,91.2076011025909,1,-74.1215129123875,-5.95000000000094,-14.6910558051829,0,2,63.9218328979244
24.5000000000001,4,55.1465237592877,171.775120234319,3,-57.7759316212117,-5.15688181243603,10.210141527206,8,2,100.117869614602
24.5000000000001,5,60.8056379991833,180.794705827137,3,-57.456619821558,-5.15702306067873,10.5294533268597,9,2,97.2429849383113
24.5000000000001,6,118.680520200048,83.7577106566191,6,-45.9102535996508,-5.96158977097913,15.3304571072047,11,2,76.9493386091902
24.5000000000001,7,32.4919777696696,173.257977913428,7,-55.6792595728243,-5.15620928699484,12.3068135755934,10,2,122.070958155924
24.5000000000001,8,170.379796106798,74.765042100658,1,-65.4917286566065,-5.95000000000094,-6.0612715494018,1,2,81.4118233395521
24.5000000000001,9,172.713866436322,104.163338718964,1,-72.8400864241524,-5.95000000000096,-13.4096293169477,0,2,56.2953749954603
24.5000000000001,10,43.6095467921037,41.3745354422051,4,-66.04252038301,-4.35000000000007,0.584251679903016,4,1,25.8357607017887
25.0000000000001,1,2.01976520546743,151.967038108046,7,-68.6086692092505,-5.16476799998165,-0.622596060832788,3,1,115.115723476275
25.0000000000001,2,196.312660747338,126.340921418039,8,-76.1420922857748,-5.95,-16.7116351785701,0,2,57.06894553823
25.0000000000001,3,158.169298593978,91.326226706434,1,-67.3292051867536,-5.95000000000245,-7.8987480795489,0,2,63.7306763813342
25.0000000000001,4,54.6631049030053,172.204632230987,3,-58.044182548113,-5.15716823423792,9.94189060030471,8,2,100.669852782493
25.0000000000001,5,60.709142358225,180.820591709312,3,-67.568442588072,-5.15329446976142,0.41763056034573,4,2,97.339694532682
25.0000000000001,6,118.662483075104,83.4106302913878,6,-48.3355972778904,-5.9616937453609,15.3304571072047,11,2,77.2556413811208
25.0000000000001,7,32.0094358526217,173.329098830597,7,-65.6803874451628,-5.15457446591418,2.30568570325494,4,2,122.54905173058
25.0000000000001,8,171.356057406365,74.9692043900693,1,-86.8795415077682,-5.95000000000108,-19.6695428927953,0,2,81.4736244302607
25.0000000000001,9,172.627791643582,104.185488958284,1,-67.6883603950864,-5.95000000000142,-8.25790328788172,0,2,56.2426562020046
25.0000000000001,10,44.0193633808352,41.0709698840449,4,-76.9422147694897,-4.3500000000001,-10.3154427065767,0,1,25.8407738502957
25.5000000000001,1,1.18955539705076,152.540063464169,7,-63.7034524800764,-5.15721819934582,4.2826206683414,5,1,115.970574360798
25.5000000000001,2,194.995753871387,126.8905593813,8,-91.3499025749369,-5.95000000000001,-19.6695428927953,0,2,55.7755691334808
25.5000000000001,3,157.551985046857,91.4448523102771,1,-70.2139773812812,-5.95000000000339,-10.7835202740765,0,2,63.5451634596467
25.5000000000001,4,54.1796860467229,172.634144227656,3,-56.2819438288609,-5.15589287007281,11.7041293195569,9,2,101.222957134352
25.5000000000001,5,60.6126467172667,180.846477591487,3,-57.6588417176929,-5.15681607730846,10.3272314307249,9,2,97.4364105798972
25.5000000000001,6,118.644445950161,83.0635499261566,6,-45.2510667930664,-5.96215336658765,15.3304571072047,11,2,77.5622918579673
25.5000000000001,7,31.5268939355738,173.400219747767,7,-64.4276249791361,-5.15597906165302,3.55844816928164,5,2,123.02722115368
25.5000000000001,8,172.332318705933,75.1733666794807,1,-71.8665343669859,-5.95000000000094,-12.4360772597812,0,2,81.5475782158294
25.5000000000001,9,172.541716850843,104.207639197604,1,-85.1460191349495,-5.95000000000196,-19.6695428927953,0,2,56.1900285321193
25.5000000000001,10,44.4291799695667,40.7674043258847,4,-85.7526458709112,-4.35000000000011,-12.473227937087,0,1,25.8558476692057
26.0000000000001,1,0.359345588634084,153.113088820292,7,-63.3463613221844,-5.15072366095654,4.63971182623336,6,1,116.827880475724
26.0000000000001,2,193.678846995437,127.440197344562,8,-83.6056320683973,-5.95,-19.6695428927953,0,2,54.4888646486885
26.0000000000001,3,156.934671499737,91.5634779141201,1,-78.0447573519891,-5.95000000000138,-18.6143002447845,0,2,63.3653437006601
26.0000000000001,4,53.6962671904405,173.063656224324,3,-58.2300533073543,-5.15324822866998,9.75601984106345,8,2,101.77716439108
26.0000000000001,5,60.5161510763084,180.872363473662,3,-54.7682838896563,-5.15465601406858,13.2177892587615,10,2,97.5331330607604
26.0000000000001,6,118.626408825217,82.7164695609254,6,-55.8577618986279,-5.95990283549969,8.3726952085768,8,2,77.8692859319274
26.0000000000001,7,31.0443520185259,173.471340664936,7,-53.2451300130298,-5.15406008110988,14.7409431353879,11,2,123.50546554425
26.0000000000001,8,173.3085800055,75.3775289688921,1,-71.6549178132665,-5.95000000000115,-12.2244607060618,0,2,81.633651668055
26.0000000000001,9,172.455642058103,104.229789436924,1,-69.7290733091014,-5.9500000000015,-10.2986162018967,0,2,56.1374922420832
26.0000000000001,10,44.8389965582981,40.4638387677246,4,-76.0923751045145,-4.35000000000016,-9.46560304160146,0,1,25.8809645796522
26.5000000000001,1,0.33208392336667,153.686114176415,7,-61.7192996262343,-5.15415570414163,6.26677352218349,7,1,117.345482062157
26.5000000000001,2,192.361940119486,127.989835307823,8,-69.9953930832256,-5.95,-10.5649359760209,0,2,53.2093161059571
26.5000000000001,3,156.317357952616,91.6821035179632,1,-68.8634709825796,-5.95000000000146,-9.43301387537494,0,2,63.1912657065123
26.5000000000001,4,53.2128483341581,173.493168220993,3,-56.1249960798891,-5.15460476769181,11.8610770685286,9,2,102.332456633497
26.5000000000001,5,60.4196554353501,180.898249355838,3,-57.9758530528009,-5.15838627346528,10.0102200956168,8,2,97.6298619561501
26.5000000000001,6,118.608371700274,82.3693891956942,6,-48.4195235122119,-5.96227192832409,15.3304571072047,11,2,78.1766195551563
26.5000000000001,7,30.561810101478,173.542461582106,7,-60.6780285848306,-5.154626253076,7.30804456358715,7,2,123.983784034769
26.5000000000001,8,174.284841305068,75.5816912583035,1,-75.6210760006796,-5.9500000000017,-16.1906188934749,0,2,81.7318064965334
26.5000000000001,9,172.369567265363,104.251939676244,1,-67.7502751072603,-5.95000000000031,-8.31981800005558,0,2,56.0850475886901
26.5000000000001,10,45.2488131470296,40.1602732095644,4,-68.7107913593238,-4.35000000000001,-2.0840192964108,3,1,25.9160953814855
27.0000000000001,1,1.16229373178335,154.259139532538,7,-58.930116010151,-5.16455330683151,9.05595713826672,8,1,117.50463705576
27.0000000000001,2,191.045033243535,128.539473271085,8,-70.6554236291805,-5.95,-11.2249665219758,0,2,51.9374523965645
27.0000000000001,3,155.700044405495,91.8007291218063,1,-73.2575411325439,-5.95000000000177,-13.8270840253392,0,2,63.0229770558166
27.0000000000001,4,52.7294294778757,173.922680217661,3,-59.0334901891031,-5.15249882436235,8.95258295931464,8,2,102.888816294562
27.0000000000001,5,60.3231597943917,180.924135238013,3,-57.0197489419416,-5.15219367773831,10.9663242064762,9,2,97.7265972470192
27.0000000000001,6,118.59033457533,82.022308830463,6,-49.5251614582936,-5.96140314437202,14.705295648911,11,2,78.48428873877
27.0000000000001,7,30.0792681844301,173.613582499275,7,-59.0986990262565,-5.15477488610089,8.88737412216125,8,2,124.462175770922
27.0000000000001,8,175.261102604635,75.7858535477148,1,-72.3521653452308,-5.95000000000135,-12.9217082380261,0,2,81.8419992329313
27.0000000000001,9,172.283492472623,104.274089915564,1,-69.3827461733573,-5.95000000000031,-9.95228906615263,0,2,56.0326948292459
27.0000000000001,10,45.6586297357611,39.8567076514042,4,-79.5974070196746,-4.35000000000014,-12.473227937087,0,1,25.9611994222204
27.5000000000001,1,1.99250354020002,154.832164888661,7,-63.7914905081,-5.15344654524163,4.19458264031776,5,1,117.672224894327
27.5000000000001,2,189.728126367585,129.089111234347,8,-76.5515752080881,-5.95000000000001,-17.1211181008834,0,2,50.6738521690261
27.5000000000001,3,155.082730858375,91.9193547256494,1,-77.6446527654463,-5.95000000000294,-18.2141956582416,0,2,62.8605242458542
27.5000000000001,4,52.2460106215933,174.35219221433,3,-53.8291683292294,-5.15827116014699,14.1569048191883,11,2,103.446226151742
27.5000000000001,5,60.2266641534334,180.950021120188,3,-57.4298197180887,-5.15644627244987,10.556253430329,9,2,97.8233389143947
27.5000000000001,6,118.572297450387,81.6752284652318,6,-45.6456600559343,-5.96198701013983,15.3304571072047,11,2,78.7922895518668
27.5000000000001,7,29.5967262673822,173.684703416445,7,-62.8449481874138,-5.1541252042322,5.14112496100396,6,2,124.940639911346
27.5000000000001,8,176.237363904202,75.9900158371262,1,-76.4157088870485,-5.95000000000248,-16.9852517798438,0,2,81.9641813259327
27.5000000000001,9,172.197417679883,104.296240154884,1,-79.1943919543806,-5.9500000000017,-19.6695428927953,0,2,55.9804342215676
27.5000000000001,10,46.0684463244925,39.5531420932441,4,-70.2718869599499,-4.35000000000019,-3.64511489703687,2,1,26.0162248304274
28.0000000000001,1,2.8227133486167,155.405190244784,7,-57.4157330547988,-5.16310295168027,10.570340093619,9,1,117.848209601699
28.0000000000001,2,188.411219491634,129.638749197608,8,-67.1541381859899,-5.95,-7.72368107878522,0,2,49.4191492953125
28.0000000000001,3,154.465417311254,92.0379803294925,1,-75.2022123315118,-5.95000000000255,-15.7717552243071,0,2,62.7039526349651
28.0000000000001,4,51.7625917653109,174.781704210998,3,-63.2253617206686,-5.15850922916068,4.76071142774915,6,2,104.004669319557
28.0000000000001,5,60.1301685124751,180.975907002363,3,-61.5273359052142,-5.15668160082886,6.45873724320356,7,2,97.9200869393771
28.0000000000001,6,118.554260325443,81.3281481000006,6,-51.7313681667822,-5.95867210259532,12.4990889404225,10,1,78.9518174087477
28.0000000000001,7,29.1141843503342,173.755824333614,7,-59.8320122126275,-5.15534570364137,8.1540609357902,8,2,125.419175627392
28.0000000000001,8,177.21362520377,76.1941781265376,1,-85.0874033962467,-5.95000000000143,-19.6695428927953,0,2,82.0982992463822
28.0000000000001,9,172.111342887144,104.318390394204,1,-67.5882500720555,-5.95000000000366,-8.15779296485083,0,2,55.9282660239813
28.0000000000001,10,46.478262913224,39.2495765350839,4,-72.3214859936481,-4.35000000000021,-5.69471393073504,1,1,26.0811088104665
28.5000000000001,1,3.65292315703337,155.978215600908,7,-66.4596014644323,-5.16414760058236,1.52647168398549,4,1,118.032553619077
28.5000000000001,2,187.094312615683,130.18838716087,8,-77.7567288785477,-5.95000000000002,-18.326271771343,0,2,48.1740389807377
28.5000000000001,3,153.848103764133,92.1566059333356,1,-72.3578401803682,-5.95000000000169,-12.9273830731636,0,2,62.553306385282
28.5000000000001,4,51.2791729090285,175.211216207667,3,-57.6102914765979,-5.15795235367026,10.3757816718199,9,2,104.564129242275
28.5000000000001,5,60.0336728715168,181.001792884538,3,-54.6929784500156,-5.16002964714567,13.2930946984021,10,2,98.0168413031407
28.5000000000001,6,118.5362232005,80.9810677347694,6,-56.0492738090856,-5.95816580347245,8.18118329811906,8,1,78.7990510639254
28.5000000000001,7,28.6316424332863,173.826945250783,7,-55.6703931315878,-5.15578720852603,12.31568001683,10,2,125.897782102885
28.5000000000001,8,178.189886503337,76.3983404159489,1,-79.5103449348816,-5.95000000000062,-19.6695428927953,0,2,82.2442946021033
28.5000000000001,9,172.025268094404,104.340540633524,1,-67.3232049828299,-5.95000000000266,-7.89274787562524,0,2,55.8761904953198
28.5000000000001,10,46.8880795019555,38.9460109769238,4,-65.3291335625868,-4.35000000000021,1.29763850032621,4,1,26.1557779947078
29.0000000000001,1,4.48313296545005,156.551240957031,7,-57.7328882393245,-5.16419163971741,10.2531849090933,8,1,118.22521784342
29.0000000000001,2,185.777405739733,130.738025124131,8,-81.047687654105,-5.95000000000002,-19.6695428927953,0,2,46.9392845874759
29.0000000000001,3,153.230790217013,92.2752315371787,1,-70.1468301751865,-5.95000000000256,-10.7163730679819,0,2,62.4086284059558
29.0000000000001,4,50.7957540527461,175.640728204335,3,-59.1330292009903,-5.15621397317686,8.8530439474275,8,2,105.12458968677
29.0000000000001,5,59.9371772305585,181.027678766714,3,-54.210157519069,-5.16026216983777,13.7759156293488,10,2,98.1136019869325
29.0000000000001,6,118.518186075556,80.6339873695382,6,-51.1703724850265,-5.95861567126963,13.0600846221781,10,1,78.6475238341399
29.0000000000001,7,28.1491005162384,173.898066167953,7,-61.0279429302151,-5.15497283862513,6.95813021820266,7,2,126.376458533896
29.0000000000001,8,179.166147802904,76.6025027053603,1,-85.3811616709433,-5.95000000000183,-19.6695428927953,0,2,82.40210426183
29.0000000000001,9,171.939193301664,104.362690872844,1,-67.2042101431977,-5.95000000000064,-7.77375303599307,0,2,55.8242078949215
29.0000000000001,10,47.2978960906869,38.6424454187636,4,-66.8741058213756,-4.35000000000022,-0.247333758462549,3,1,26.2401488487106
29.5000000000001,1,5.31334277386673,157.124266313154,7,-61.8236911983287,-5.16517985650423,6.162381950089,7,1,118.426161666996
29.5000000000001,2,184.460498863782,131.287663087393,8,-76.9514466070248,-5.95000000000001,-17.5209894998201,0,2,45.7157252449486
29.5000000000001,3,152.613476669892,92.3938571410217,1,-76.3909216311027,-5.95000000000221,-16.960464523898,0,2,62.2699602970251
29.5000000000001,4,50.3123351964637,176.070240201003,3,-60.3913649953903,-5.15577913381829,7.59470815302748,7,2,105.686034735533
29.5000000000001,5,59.8406815896002,181.053564648889,3,-60.9235192654004,-5.1599061400986,7.06255388301738,7,2,98.2103689720723
29.5000000000001,6,118.500148950613,80.286907004307,6,-56.1899310365663,-5.95650982619616,8.04052607063842,7,1,78.4972428951724
29.5000000000001,7,27.6665585991905,173.969187085122,7,-62.385360570572,-5.15510331301317,5.60071257784577,6,2,126.855204128514
29.5000000000001,8,180.142409102472,76.8066649947717,1,-71.4843755197162,-5.95000000000061,-12.0539184125115,0,2,82.5716604876537
29.5000000000001,9,171.853118508924,104.384841112164,1,-66.7897676456193,-5.95000000000047,-7.35931053841462,0,2,55.7723184826277
29.5000000000001,10,47.7077126794184,38.3388798606034,4,-81.8720416335022,-4.35000000000011,-12.473227937087,0,1,26.3341281242714
